year,country,lat,lon,emissioni
1800,United States,37.1,-95.7,28.11
1800,China,35.8,104.1,1.27
1800,India,20.6,78.9,3.28
1800,Russia,61.5,105.3,4.37
1800,Brazil,-14.2,-51.9,44.16
1800,Germany,51.2,10.4,49.9
1800,United Kingdom,55.4,-3.4,21.78
1800,Italy,41.9,12.5,0.42
1800,France,46.6,2.2,16.59
1800,Australia,-25.3,133.8,5.14
1801,United States,37.1,-95.7,12.15
1801,China,35.8,104.1,30.45
1801,India,20.6,78.9,1.16
1801,Russia,61.5,105.3,43.73
1801,Brazil,-14.2,-51.9,19.51
1801,Germany,51.2,10.4,7.83
1801,United Kingdom,55.4,-3.4,20.39
1801,Italy,41.9,12.5,20.54
1801,France,46.6,2.2,26.51
1801,Australia,-25.3,133.8,38.57
1802,United States,37.1,-95.7,20.73
1802,China,35.8,104.1,1.1
1802,India,20.6,78.9,15.33
1802,Russia,61.5,105.3,21.7
1802,Brazil,-14.2,-51.9,13.49
1802,Germany,51.2,10.4,12.52
1802,United Kingdom,55.4,-3.4,41.79
1802,Italy,41.9,12.5,47.12
1802,France,46.6,2.2,17.02
1802,Australia,-25.3,133.8,21.1
1803,United States,37.1,-95.7,3.99
1803,China,35.8,104.1,33.98
1803,India,20.6,78.9,0.17
1803,Russia,61.5,105.3,6.92
1803,Brazil,-14.2,-51.9,22.47
1803,Germany,51.2,10.4,37.05
1803,United Kingdom,55.4,-3.4,21.02
1803,Italy,41.9,12.5,0.82
1803,France,46.6,2.2,28.97
1803,Australia,-25.3,133.8,18.79
1804,United States,37.1,-95.7,1.52
1804,China,35.8,104.1,30.78
1804,India,20.6,78.9,31.43
1804,Russia,61.5,105.3,7.21
1804,Brazil,-14.2,-51.9,48.03
1804,Germany,51.2,10.4,43.03
1804,United Kingdom,55.4,-3.4,40.29
1804,Italy,41.9,12.5,37.21
1804,France,46.6,2.2,29.8
1804,Australia,-25.3,133.8,17.1
1805,United States,37.1,-95.7,48.9
1805,China,35.8,104.1,41.23
1805,India,20.6,78.9,14.07
1805,Russia,61.5,105.3,44.27
1805,Brazil,-14.2,-51.9,20.41
1805,Germany,51.2,10.4,4.93
1805,United Kingdom,55.4,-3.4,47.52
1805,Italy,41.9,12.5,36.83
1805,France,46.6,2.2,39.85
1805,Australia,-25.3,133.8,44.89
1806,United States,37.1,-95.7,21.06
1806,China,35.8,104.1,15.02
1806,India,20.6,78.9,18.35
1806,Russia,61.5,105.3,36.22
1806,Brazil,-14.2,-51.9,2.11
1806,Germany,51.2,10.4,44.6
1806,United Kingdom,55.4,-3.4,40.41
1806,Italy,41.9,12.5,8.86
1806,France,46.6,2.2,30.84
1806,Australia,-25.3,133.8,2.47
1807,United States,37.1,-95.7,26.25
1807,China,35.8,104.1,26.16
1807,India,20.6,78.9,41.55
1807,Russia,61.5,105.3,16.89
1807,Brazil,-14.2,-51.9,21.74
1807,Germany,51.2,10.4,47.39
1807,United Kingdom,55.4,-3.4,15.68
1807,Italy,41.9,12.5,2.42
1807,France,46.6,2.2,51.49
1807,Australia,-25.3,133.8,8.18
1808,United States,37.1,-95.7,23.91
1808,China,35.8,104.1,1.61
1808,India,20.6,78.9,42.96
1808,Russia,61.5,105.3,16.93
1808,Brazil,-14.2,-51.9,15.78
1808,Germany,51.2,10.4,9.13
1808,United Kingdom,55.4,-3.4,11.17
1808,Italy,41.9,12.5,26.04
1808,France,46.6,2.2,39.63
1808,Australia,-25.3,133.8,6.54
1809,United States,37.1,-95.7,22.74
1809,China,35.8,104.1,7.14
1809,India,20.6,78.9,33.64
1809,Russia,61.5,105.3,9.44
1809,Brazil,-14.2,-51.9,47.96
1809,Germany,51.2,10.4,42.96
1809,United Kingdom,55.4,-3.4,40.17
1809,Italy,41.9,12.5,7.34
1809,France,46.6,2.2,8.41
1809,Australia,-25.3,133.8,22.94
1810,United States,37.1,-95.7,8.39
1810,China,35.8,104.1,8.86
1810,India,20.6,78.9,31.72
1810,Russia,61.5,105.3,33.01
1810,Brazil,-14.2,-51.9,3.0
1810,Germany,51.2,10.4,14.72
1810,United Kingdom,55.4,-3.4,45.45
1810,Italy,41.9,12.5,32.97
1810,France,46.6,2.2,1.1
1810,Australia,-25.3,133.8,24.32
1811,United States,37.1,-95.7,36.2
1811,China,35.8,104.1,17.07
1811,India,20.6,78.9,20.0
1811,Russia,61.5,105.3,32.98
1811,Brazil,-14.2,-51.9,23.88
1811,Germany,51.2,10.4,26.63
1811,United Kingdom,55.4,-3.4,26.45
1811,Italy,41.9,12.5,35.44
1811,France,46.6,2.2,20.12
1811,Australia,-25.3,133.8,12.29
1812,United States,37.1,-95.7,31.3
1812,China,35.8,104.1,11.31
1812,India,20.6,78.9,19.56
1812,Russia,61.5,105.3,36.04
1812,Brazil,-14.2,-51.9,19.37
1812,Germany,51.2,10.4,14.52
1812,United Kingdom,55.4,-3.4,5.6
1812,Italy,41.9,12.5,42.45
1812,France,46.6,2.2,22.09
1812,Australia,-25.3,133.8,46.82
1813,United States,37.1,-95.7,11.39
1813,China,35.8,104.1,18.16
1813,India,20.6,78.9,32.45
1813,Russia,61.5,105.3,37.12
1813,Brazil,-14.2,-51.9,1.35
1813,Germany,51.2,10.4,35.76
1813,United Kingdom,55.4,-3.4,47.41
1813,Italy,41.9,12.5,46.09
1813,France,46.6,2.2,9.91
1813,Australia,-25.3,133.8,9.2
1814,United States,37.1,-95.7,48.41
1814,China,35.8,104.1,47.07
1814,India,20.6,78.9,23.81
1814,Russia,61.5,105.3,23.68
1814,Brazil,-14.2,-51.9,18.83
1814,Germany,51.2,10.4,47.61
1814,United Kingdom,55.4,-3.4,31.99
1814,Italy,41.9,12.5,15.91
1814,France,46.6,2.2,21.02
1814,Australia,-25.3,133.8,11.72
1815,United States,37.1,-95.7,26.37
1815,China,35.8,104.1,40.71
1815,India,20.6,78.9,25.42
1815,Russia,61.5,105.3,28.77
1815,Brazil,-14.2,-51.9,26.01
1815,Germany,51.2,10.4,52.36
1815,United Kingdom,55.4,-3.4,4.24
1815,Italy,41.9,12.5,50.84
1815,France,46.6,2.2,20.48
1815,Australia,-25.3,133.8,14.76
1816,United States,37.1,-95.7,43.43
1816,China,35.8,104.1,11.46
1816,India,20.6,78.9,12.6
1816,Russia,61.5,105.3,13.17
1816,Brazil,-14.2,-51.9,30.79
1816,Germany,51.2,10.4,6.53
1816,United Kingdom,55.4,-3.4,3.66
1816,Italy,41.9,12.5,11.83
1816,France,46.6,2.2,17.63
1816,Australia,-25.3,133.8,19.04
1817,United States,37.1,-95.7,35.29
1817,China,35.8,104.1,6.47
1817,India,20.6,78.9,24.66
1817,Russia,61.5,105.3,18.11
1817,Brazil,-14.2,-51.9,37.05
1817,Germany,51.2,10.4,32.67
1817,United Kingdom,55.4,-3.4,14.69
1817,Italy,41.9,12.5,11.86
1817,France,46.6,2.2,6.49
1817,Australia,-25.3,133.8,21.05
1818,United States,37.1,-95.7,17.85
1818,China,35.8,104.1,15.3
1818,India,20.6,78.9,51.51
1818,Russia,61.5,105.3,50.73
1818,Brazil,-14.2,-51.9,25.35
1818,Germany,51.2,10.4,12.39
1818,United Kingdom,55.4,-3.4,13.69
1818,Italy,41.9,12.5,21.49
1818,France,46.6,2.2,5.78
1818,Australia,-25.3,133.8,22.14
1819,United States,37.1,-95.7,1.38
1819,China,35.8,104.1,21.6
1819,India,20.6,78.9,27.03
1819,Russia,61.5,105.3,27.94
1819,Brazil,-14.2,-51.9,53.95
1819,Germany,51.2,10.4,29.9
1819,United Kingdom,55.4,-3.4,32.05
1819,Italy,41.9,12.5,11.07
1819,France,46.6,2.2,14.58
1819,Australia,-25.3,133.8,44.36
1820,United States,37.1,-95.7,17.59
1820,China,35.8,104.1,38.28
1820,India,20.6,78.9,14.13
1820,Russia,61.5,105.3,30.59
1820,Brazil,-14.2,-51.9,16.26
1820,Germany,51.2,10.4,0.48
1820,United Kingdom,55.4,-3.4,5.8
1820,Italy,41.9,12.5,2.23
1820,France,46.6,2.2,29.12
1820,Australia,-25.3,133.8,53.46
1821,United States,37.1,-95.7,14.22
1821,China,35.8,104.1,53.78
1821,India,20.6,78.9,5.26
1821,Russia,61.5,105.3,25.92
1821,Brazil,-14.2,-51.9,15.89
1821,Germany,51.2,10.4,6.97
1821,United Kingdom,55.4,-3.4,50.91
1821,Italy,41.9,12.5,53.54
1821,France,46.6,2.2,23.85
1821,Australia,-25.3,133.8,22.59
1822,United States,37.1,-95.7,12.78
1822,China,35.8,104.1,29.31
1822,India,20.6,78.9,46.38
1822,Russia,61.5,105.3,41.2
1822,Brazil,-14.2,-51.9,26.1
1822,Germany,51.2,10.4,32.7
1822,United Kingdom,55.4,-3.4,2.01
1822,Italy,41.9,12.5,29.76
1822,France,46.6,2.2,30.98
1822,Australia,-25.3,133.8,17.84
1823,United States,37.1,-95.7,31.84
1823,China,35.8,104.1,39.64
1823,India,20.6,78.9,3.51
1823,Russia,61.5,105.3,41.98
1823,Brazil,-14.2,-51.9,9.98
1823,Germany,51.2,10.4,21.43
1823,United Kingdom,55.4,-3.4,10.81
1823,Italy,41.9,12.5,25.61
1823,France,46.6,2.2,26.72
1823,Australia,-25.3,133.8,39.45
1824,United States,37.1,-95.7,50.67
1824,China,35.8,104.1,20.42
1824,India,20.6,78.9,39.64
1824,Russia,61.5,105.3,3.84
1824,Brazil,-14.2,-51.9,26.72
1824,Germany,51.2,10.4,17.52
1824,United Kingdom,55.4,-3.4,45.84
1824,Italy,41.9,12.5,38.69
1824,France,46.6,2.2,33.09
1824,Australia,-25.3,133.8,15.0
1825,United States,37.1,-95.7,4.51
1825,China,35.8,104.1,54.8
1825,India,20.6,78.9,32.33
1825,Russia,61.5,105.3,45.07
1825,Brazil,-14.2,-51.9,0.64
1825,Germany,51.2,10.4,49.8
1825,United Kingdom,55.4,-3.4,18.39
1825,Italy,41.9,12.5,35.16
1825,France,46.6,2.2,17.59
1825,Australia,-25.3,133.8,53.38
1826,United States,37.1,-95.7,33.17
1826,China,35.8,104.1,13.29
1826,India,20.6,78.9,10.32
1826,Russia,61.5,105.3,5.66
1826,Brazil,-14.2,-51.9,29.01
1826,Germany,51.2,10.4,17.83
1826,United Kingdom,55.4,-3.4,48.88
1826,Italy,41.9,12.5,16.45
1826,France,46.6,2.2,55.7
1826,Australia,-25.3,133.8,50.96
1827,United States,37.1,-95.7,42.87
1827,China,35.8,104.1,25.81
1827,India,20.6,78.9,24.6
1827,Russia,61.5,105.3,1.82
1827,Brazil,-14.2,-51.9,27.3
1827,Germany,51.2,10.4,19.29
1827,United Kingdom,55.4,-3.4,12.24
1827,Italy,41.9,12.5,31.37
1827,France,46.6,2.2,38.58
1827,Australia,-25.3,133.8,3.18
1828,United States,37.1,-95.7,27.26
1828,China,35.8,104.1,12.64
1828,India,20.6,78.9,55.17
1828,Russia,61.5,105.3,51.41
1828,Brazil,-14.2,-51.9,6.92
1828,Germany,51.2,10.4,52.31
1828,United Kingdom,55.4,-3.4,18.85
1828,Italy,41.9,12.5,33.88
1828,France,46.6,2.2,17.35
1828,Australia,-25.3,133.8,54.39
1829,United States,37.1,-95.7,30.8
1829,China,35.8,104.1,2.15
1829,India,20.6,78.9,35.33
1829,Russia,61.5,105.3,43.0
1829,Brazil,-14.2,-51.9,32.9
1829,Germany,51.2,10.4,0.12
1829,United Kingdom,55.4,-3.4,18.91
1829,Italy,41.9,12.5,30.1
1829,France,46.6,2.2,42.28
1829,Australia,-25.3,133.8,33.31
1830,United States,37.1,-95.7,6.67
1830,China,35.8,104.1,5.93
1830,India,20.6,78.9,23.76
1830,Russia,61.5,105.3,52.96
1830,Brazil,-14.2,-51.9,19.58
1830,Germany,51.2,10.4,37.46
1830,United Kingdom,55.4,-3.4,45.77
1830,Italy,41.9,12.5,5.13
1830,France,46.6,2.2,7.21
1830,Australia,-25.3,133.8,46.42
1831,United States,37.1,-95.7,19.31
1831,China,35.8,104.1,12.26
1831,India,20.6,78.9,27.95
1831,Russia,61.5,105.3,32.15
1831,Brazil,-14.2,-51.9,34.24
1831,Germany,51.2,10.4,28.16
1831,United Kingdom,55.4,-3.4,12.58
1831,Italy,41.9,12.5,32.51
1831,France,46.6,2.2,44.93
1831,Australia,-25.3,133.8,50.84
1832,United States,37.1,-95.7,49.22
1832,China,35.8,104.1,14.79
1832,India,20.6,78.9,42.11
1832,Russia,61.5,105.3,49.19
1832,Brazil,-14.2,-51.9,3.96
1832,Germany,51.2,10.4,20.4
1832,United Kingdom,55.4,-3.4,29.98
1832,Italy,41.9,12.5,20.6
1832,France,46.6,2.2,39.95
1832,Australia,-25.3,133.8,19.84
1833,United States,37.1,-95.7,43.24
1833,China,35.8,104.1,52.51
1833,India,20.6,78.9,44.29
1833,Russia,61.5,105.3,47.23
1833,Brazil,-14.2,-51.9,56.33
1833,Germany,51.2,10.4,40.7
1833,United Kingdom,55.4,-3.4,16.04
1833,Italy,41.9,12.5,44.25
1833,France,46.6,2.2,6.13
1833,Australia,-25.3,133.8,15.06
1834,United States,37.1,-95.7,7.37
1834,China,35.8,104.1,25.38
1834,India,20.6,78.9,18.59
1834,Russia,61.5,105.3,49.0
1834,Brazil,-14.2,-51.9,30.99
1834,Germany,51.2,10.4,28.84
1834,United Kingdom,55.4,-3.4,16.73
1834,Italy,41.9,12.5,11.71
1834,France,46.6,2.2,35.33
1834,Australia,-25.3,133.8,7.9
1835,United States,37.1,-95.7,34.77
1835,China,35.8,104.1,29.47
1835,India,20.6,78.9,27.55
1835,Russia,61.5,105.3,24.66
1835,Brazil,-14.2,-51.9,5.83
1835,Germany,51.2,10.4,11.02
1835,United Kingdom,55.4,-3.4,41.67
1835,Italy,41.9,12.5,16.09
1835,France,46.6,2.2,14.72
1835,Australia,-25.3,133.8,22.57
1836,United States,37.1,-95.7,39.74
1836,China,35.8,104.1,16.61
1836,India,20.6,78.9,51.74
1836,Russia,61.5,105.3,45.04
1836,Brazil,-14.2,-51.9,17.23
1836,Germany,51.2,10.4,32.72
1836,United Kingdom,55.4,-3.4,19.03
1836,Italy,41.9,12.5,44.49
1836,France,46.6,2.2,32.45
1836,Australia,-25.3,133.8,30.21
1837,United States,37.1,-95.7,54.57
1837,China,35.8,104.1,6.82
1837,India,20.6,78.9,45.55
1837,Russia,61.5,105.3,43.85
1837,Brazil,-14.2,-51.9,31.5
1837,Germany,51.2,10.4,15.01
1837,United Kingdom,55.4,-3.4,38.91
1837,Italy,41.9,12.5,1.33
1837,France,46.6,2.2,56.14
1837,Australia,-25.3,133.8,58.27
1838,United States,37.1,-95.7,0.91
1838,China,35.8,104.1,35.98
1838,India,20.6,78.9,30.16
1838,Russia,61.5,105.3,17.66
1838,Brazil,-14.2,-51.9,19.36
1838,Germany,51.2,10.4,52.74
1838,United Kingdom,55.4,-3.4,31.62
1838,Italy,41.9,12.5,22.25
1838,France,46.6,2.2,7.28
1838,Australia,-25.3,133.8,17.31
1839,United States,37.1,-95.7,28.7
1839,China,35.8,104.1,26.88
1839,India,20.6,78.9,24.42
1839,Russia,61.5,105.3,58.74
1839,Brazil,-14.2,-51.9,49.2
1839,Germany,51.2,10.4,55.42
1839,United Kingdom,55.4,-3.4,14.56
1839,Italy,41.9,12.5,8.37
1839,France,46.6,2.2,51.24
1839,Australia,-25.3,133.8,17.08
1840,United States,37.1,-95.7,21.88
1840,China,35.8,104.1,42.16
1840,India,20.6,78.9,50.65
1840,Russia,61.5,105.3,56.13
1840,Brazil,-14.2,-51.9,55.66
1840,Germany,51.2,10.4,14.52
1840,United Kingdom,55.4,-3.4,0.95
1840,Italy,41.9,12.5,13.28
1840,France,46.6,2.2,50.42
1840,Australia,-25.3,133.8,21.11
1841,United States,37.1,-95.7,36.13
1841,China,35.8,104.1,25.82
1841,India,20.6,78.9,23.93
1841,Russia,61.5,105.3,40.32
1841,Brazil,-14.2,-51.9,9.8
1841,Germany,51.2,10.4,50.15
1841,United Kingdom,55.4,-3.4,3.94
1841,Italy,41.9,12.5,50.55
1841,France,46.6,2.2,38.99
1841,Australia,-25.3,133.8,12.33
1842,United States,37.1,-95.7,20.08
1842,China,35.8,104.1,26.18
1842,India,20.6,78.9,25.72
1842,Russia,61.5,105.3,12.5
1842,Brazil,-14.2,-51.9,47.16
1842,Germany,51.2,10.4,11.14
1842,United Kingdom,55.4,-3.4,11.11
1842,Italy,41.9,12.5,42.91
1842,France,46.6,2.2,59.22
1842,Australia,-25.3,133.8,43.16
1843,United States,37.1,-95.7,34.02
1843,China,35.8,104.1,23.27
1843,India,20.6,78.9,7.9
1843,Russia,61.5,105.3,12.62
1843,Brazil,-14.2,-51.9,9.01
1843,Germany,51.2,10.4,41.0
1843,United Kingdom,55.4,-3.4,17.79
1843,Italy,41.9,12.5,51.9
1843,France,46.6,2.2,24.69
1843,Australia,-25.3,133.8,53.78
1844,United States,37.1,-95.7,34.71
1844,China,35.8,104.1,32.14
1844,India,20.6,78.9,44.65
1844,Russia,61.5,105.3,52.79
1844,Brazil,-14.2,-51.9,48.23
1844,Germany,51.2,10.4,45.35
1844,United Kingdom,55.4,-3.4,20.32
1844,Italy,41.9,12.5,1.73
1844,France,46.6,2.2,57.87
1844,Australia,-25.3,133.8,19.82
1845,United States,37.1,-95.7,20.56
1845,China,35.8,104.1,21.89
1845,India,20.6,78.9,15.2
1845,Russia,61.5,105.3,13.56
1845,Brazil,-14.2,-51.9,57.28
1845,Germany,51.2,10.4,35.82
1845,United Kingdom,55.4,-3.4,36.7
1845,Italy,41.9,12.5,0.94
1845,France,46.6,2.2,31.13
1845,Australia,-25.3,133.8,33.96
1846,United States,37.1,-95.7,53.4
1846,China,35.8,104.1,35.19
1846,India,20.6,78.9,15.59
1846,Russia,61.5,105.3,35.82
1846,Brazil,-14.2,-51.9,42.33
1846,Germany,51.2,10.4,11.33
1846,United Kingdom,55.4,-3.4,19.76
1846,Italy,41.9,12.5,4.02
1846,France,46.6,2.2,20.2
1846,Australia,-25.3,133.8,42.65
1847,United States,37.1,-95.7,39.12
1847,China,35.8,104.1,10.11
1847,India,20.6,78.9,23.33
1847,Russia,61.5,105.3,52.02
1847,Brazil,-14.2,-51.9,16.03
1847,Germany,51.2,10.4,11.69
1847,United Kingdom,55.4,-3.4,20.83
1847,Italy,41.9,12.5,22.33
1847,France,46.6,2.2,29.36
1847,Australia,-25.3,133.8,45.41
1848,United States,37.1,-95.7,27.17
1848,China,35.8,104.1,32.68
1848,India,20.6,78.9,57.56
1848,Russia,61.5,105.3,59.51
1848,Brazil,-14.2,-51.9,19.87
1848,Germany,51.2,10.4,12.75
1848,United Kingdom,55.4,-3.4,23.66
1848,Italy,41.9,12.5,39.81
1848,France,46.6,2.2,51.45
1848,Australia,-25.3,133.8,5.89
1849,United States,37.1,-95.7,13.32
1849,China,35.8,104.1,3.91
1849,India,20.6,78.9,22.43
1849,Russia,61.5,105.3,6.0
1849,Brazil,-14.2,-51.9,37.58
1849,Germany,51.2,10.4,37.73
1849,United Kingdom,55.4,-3.4,3.91
1849,Italy,41.9,12.5,9.36
1849,France,46.6,2.2,20.8
1849,Australia,-25.3,133.8,24.31
1850,United States,37.1,-95.7,52.93
1850,China,35.8,104.1,30.31
1850,India,20.6,78.9,41.82
1850,Russia,61.5,105.3,60.98
1850,Brazil,-14.2,-51.9,60.15
1850,Germany,51.2,10.4,6.01
1850,United Kingdom,55.4,-3.4,9.36
1850,Italy,41.9,12.5,2.1
1850,France,46.6,2.2,7.27
1850,Australia,-25.3,133.8,28.01
1851,United States,37.1,-95.7,58.61
1851,China,35.8,104.1,47.86
1851,India,20.6,78.9,36.78
1851,Russia,61.5,105.3,6.58
1851,Brazil,-14.2,-51.9,3.67
1851,Germany,51.2,10.4,30.71
1851,United Kingdom,55.4,-3.4,11.02
1851,Italy,41.9,12.5,36.98
1851,France,46.6,2.2,39.69
1851,Australia,-25.3,133.8,20.2
1852,United States,37.1,-95.7,48.4
1852,China,35.8,104.1,51.05
1852,India,20.6,78.9,46.64
1852,Russia,61.5,105.3,39.09
1852,Brazil,-14.2,-51.9,54.18
1852,Germany,51.2,10.4,36.48
1852,United Kingdom,55.4,-3.4,10.25
1852,Italy,41.9,12.5,14.24
1852,France,46.6,2.2,50.71
1852,Australia,-25.3,133.8,54.82
1853,United States,37.1,-95.7,57.75
1853,China,35.8,104.1,3.26
1853,India,20.6,78.9,11.57
1853,Russia,61.5,105.3,56.55
1853,Brazil,-14.2,-51.9,30.78
1853,Germany,51.2,10.4,16.05
1853,United Kingdom,55.4,-3.4,46.09
1853,Italy,41.9,12.5,59.11
1853,France,46.6,2.2,60.83
1853,Australia,-25.3,133.8,54.22
1854,United States,37.1,-95.7,12.19
1854,China,35.8,104.1,49.27
1854,India,20.6,78.9,10.01
1854,Russia,61.5,105.3,20.47
1854,Brazil,-14.2,-51.9,29.67
1854,Germany,51.2,10.4,12.81
1854,United Kingdom,55.4,-3.4,30.02
1854,Italy,41.9,12.5,37.65
1854,France,46.6,2.2,6.52
1854,Australia,-25.3,133.8,27.7
1855,United States,37.1,-95.7,18.89
1855,China,35.8,104.1,10.03
1855,India,20.6,78.9,55.4
1855,Russia,61.5,105.3,9.06
1855,Brazil,-14.2,-51.9,5.24
1855,Germany,51.2,10.4,23.64
1855,United Kingdom,55.4,-3.4,59.66
1855,Italy,41.9,12.5,17.44
1855,France,46.6,2.2,53.96
1855,Australia,-25.3,133.8,50.35
1856,United States,37.1,-95.7,18.35
1856,China,35.8,104.1,45.95
1856,India,20.6,78.9,43.35
1856,Russia,61.5,105.3,54.48
1856,Brazil,-14.2,-51.9,39.94
1856,Germany,51.2,10.4,15.81
1856,United Kingdom,55.4,-3.4,30.03
1856,Italy,41.9,12.5,58.12
1856,France,46.6,2.2,27.04
1856,Australia,-25.3,133.8,21.53
1857,United States,37.1,-95.7,59.42
1857,China,35.8,104.1,48.68
1857,India,20.6,78.9,40.91
1857,Russia,61.5,105.3,51.28
1857,Brazil,-14.2,-51.9,62.57
1857,Germany,51.2,10.4,33.64
1857,United Kingdom,55.4,-3.4,30.64
1857,Italy,41.9,12.5,53.7
1857,France,46.6,2.2,48.86
1857,Australia,-25.3,133.8,61.69
1858,United States,37.1,-95.7,6.08
1858,China,35.8,104.1,21.58
1858,India,20.6,78.9,22.39
1858,Russia,61.5,105.3,7.09
1858,Brazil,-14.2,-51.9,56.47
1858,Germany,51.2,10.4,49.74
1858,United Kingdom,55.4,-3.4,62.13
1858,Italy,41.9,12.5,18.23
1858,France,46.6,2.2,45.64
1858,Australia,-25.3,133.8,23.38
1859,United States,37.1,-95.7,26.15
1859,China,35.8,104.1,20.62
1859,India,20.6,78.9,56.36
1859,Russia,61.5,105.3,46.68
1859,Brazil,-14.2,-51.9,33.52
1859,Germany,51.2,10.4,35.27
1859,United Kingdom,55.4,-3.4,53.24
1859,Italy,41.9,12.5,9.46
1859,France,46.6,2.2,61.4
1859,Australia,-25.3,133.8,37.31
1860,United States,37.1,-95.7,1.78
1860,China,35.8,104.1,0.81
1860,India,20.6,78.9,10.33
1860,Russia,61.5,105.3,27.48
1860,Brazil,-14.2,-51.9,55.88
1860,Germany,51.2,10.4,63.16
1860,United Kingdom,55.4,-3.4,10.83
1860,Italy,41.9,12.5,34.57
1860,France,46.6,2.2,50.32
1860,Australia,-25.3,133.8,59.83
1861,United States,37.1,-95.7,35.54
1861,China,35.8,104.1,12.87
1861,India,20.6,78.9,40.73
1861,Russia,61.5,105.3,62.34
1861,Brazil,-14.2,-51.9,54.54
1861,Germany,51.2,10.4,41.75
1861,United Kingdom,55.4,-3.4,15.12
1861,Italy,41.9,12.5,23.77
1861,France,46.6,2.2,46.82
1861,Australia,-25.3,133.8,5.6
1862,United States,37.1,-95.7,51.8
1862,China,35.8,104.1,47.65
1862,India,20.6,78.9,26.84
1862,Russia,61.5,105.3,38.77
1862,Brazil,-14.2,-51.9,57.25
1862,Germany,51.2,10.4,7.88
1862,United Kingdom,55.4,-3.4,30.72
1862,Italy,41.9,12.5,10.3
1862,France,46.6,2.2,10.72
1862,Australia,-25.3,133.8,2.48
1863,United States,37.1,-95.7,50.62
1863,China,35.8,104.1,19.62
1863,India,20.6,78.9,1.34
1863,Russia,61.5,105.3,20.35
1863,Brazil,-14.2,-51.9,56.73
1863,Germany,51.2,10.4,48.21
1863,United Kingdom,55.4,-3.4,20.91
1863,Italy,41.9,12.5,37.93
1863,France,46.6,2.2,42.91
1863,Australia,-25.3,133.8,31.51
1864,United States,37.1,-95.7,62.57
1864,China,35.8,104.1,22.95
1864,India,20.6,78.9,2.74
1864,Russia,61.5,105.3,19.02
1864,Brazil,-14.2,-51.9,9.06
1864,Germany,51.2,10.4,6.55
1864,United Kingdom,55.4,-3.4,2.92
1864,Italy,41.9,12.5,2.54
1864,France,46.6,2.2,31.96
1864,Australia,-25.3,133.8,35.95
1865,United States,37.1,-95.7,9.3
1865,China,35.8,104.1,46.85
1865,India,20.6,78.9,34.14
1865,Russia,61.5,105.3,53.38
1865,Brazil,-14.2,-51.9,36.02
1865,Germany,51.2,10.4,7.13
1865,United Kingdom,55.4,-3.4,11.73
1865,Italy,41.9,12.5,38.76
1865,France,46.6,2.2,1.36
1865,Australia,-25.3,133.8,3.77
1866,United States,37.1,-95.7,63.26
1866,China,35.8,104.1,6.8
1866,India,20.6,78.9,56.26
1866,Russia,61.5,105.3,0.3
1866,Brazil,-14.2,-51.9,63.19
1866,Germany,51.2,10.4,44.1
1866,United Kingdom,55.4,-3.4,17.66
1866,Italy,41.9,12.5,58.57
1866,France,46.6,2.2,0.7
1866,Australia,-25.3,133.8,53.19
1867,United States,37.1,-95.7,43.77
1867,China,35.8,104.1,23.46
1867,India,20.6,78.9,57.53
1867,Russia,61.5,105.3,40.96
1867,Brazil,-14.2,-51.9,53.41
1867,Germany,51.2,10.4,6.0
1867,United Kingdom,55.4,-3.4,62.47
1867,Italy,41.9,12.5,48.44
1867,France,46.6,2.2,47.86
1867,Australia,-25.3,133.8,43.57
1868,United States,37.1,-95.7,17.34
1868,China,35.8,104.1,6.14
1868,India,20.6,78.9,17.96
1868,Russia,61.5,105.3,27.44
1868,Brazil,-14.2,-51.9,19.53
1868,Germany,51.2,10.4,9.75
1868,United Kingdom,55.4,-3.4,22.68
1868,Italy,41.9,12.5,46.87
1868,France,46.6,2.2,47.03
1868,Australia,-25.3,133.8,57.83
1869,United States,37.1,-95.7,63.86
1869,China,35.8,104.1,34.54
1869,India,20.6,78.9,15.22
1869,Russia,61.5,105.3,29.75
1869,Brazil,-14.2,-51.9,32.31
1869,Germany,51.2,10.4,54.69
1869,United Kingdom,55.4,-3.4,15.38
1869,Italy,41.9,12.5,24.64
1869,France,46.6,2.2,46.87
1869,Australia,-25.3,133.8,38.27
1870,United States,37.1,-95.7,63.77
1870,China,35.8,104.1,15.76
1870,India,20.6,78.9,2.14
1870,Russia,61.5,105.3,20.59
1870,Brazil,-14.2,-51.9,4.19
1870,Germany,51.2,10.4,27.76
1870,United Kingdom,55.4,-3.4,48.24
1870,Italy,41.9,12.5,65.57
1870,France,46.6,2.2,55.28
1870,Australia,-25.3,133.8,59.08
1871,United States,37.1,-95.7,10.68
1871,China,35.8,104.1,23.6
1871,India,20.6,78.9,35.27
1871,Russia,61.5,105.3,62.17
1871,Brazil,-14.2,-51.9,27.44
1871,Germany,51.2,10.4,6.96
1871,United Kingdom,55.4,-3.4,42.22
1871,Italy,41.9,12.5,44.52
1871,France,46.6,2.2,46.84
1871,Australia,-25.3,133.8,34.27
1872,United States,37.1,-95.7,24.31
1872,China,35.8,104.1,2.72
1872,India,20.6,78.9,43.28
1872,Russia,61.5,105.3,24.22
1872,Brazil,-14.2,-51.9,61.91
1872,Germany,51.2,10.4,33.69
1872,United Kingdom,55.4,-3.4,40.8
1872,Italy,41.9,12.5,23.27
1872,France,46.6,2.2,23.3
1872,Australia,-25.3,133.8,13.4
1873,United States,37.1,-95.7,27.89
1873,China,35.8,104.1,61.12
1873,India,20.6,78.9,59.96
1873,Russia,61.5,105.3,33.89
1873,Brazil,-14.2,-51.9,1.51
1873,Germany,51.2,10.4,17.15
1873,United Kingdom,55.4,-3.4,39.6
1873,Italy,41.9,12.5,61.44
1873,France,46.6,2.2,16.43
1873,Australia,-25.3,133.8,5.14
1874,United States,37.1,-95.7,66.39
1874,China,35.8,104.1,21.24
1874,India,20.6,78.9,63.06
1874,Russia,61.5,105.3,15.81
1874,Brazil,-14.2,-51.9,18.07
1874,Germany,51.2,10.4,17.95
1874,United Kingdom,55.4,-3.4,45.43
1874,Italy,41.9,12.5,63.74
1874,France,46.6,2.2,39.46
1874,Australia,-25.3,133.8,31.34
1875,United States,37.1,-95.7,12.22
1875,China,35.8,104.1,37.69
1875,India,20.6,78.9,22.84
1875,Russia,61.5,105.3,35.62
1875,Brazil,-14.2,-51.9,7.92
1875,Germany,51.2,10.4,34.85
1875,United Kingdom,55.4,-3.4,30.44
1875,Italy,41.9,12.5,6.5
1875,France,46.6,2.2,0.97
1875,Australia,-25.3,133.8,24.99
1876,United States,37.1,-95.7,61.36
1876,China,35.8,104.1,8.09
1876,India,20.6,78.9,12.96
1876,Russia,61.5,105.3,12.53
1876,Brazil,-14.2,-51.9,65.65
1876,Germany,51.2,10.4,41.9
1876,United Kingdom,55.4,-3.4,10.9
1876,Italy,41.9,12.5,46.07
1876,France,46.6,2.2,27.92
1876,Australia,-25.3,133.8,64.33
1877,United States,37.1,-95.7,15.07
1877,China,35.8,104.1,52.34
1877,India,20.6,78.9,43.25
1877,Russia,61.5,105.3,16.52
1877,Brazil,-14.2,-51.9,40.36
1877,Germany,51.2,10.4,55.86
1877,United Kingdom,55.4,-3.4,66.13
1877,Italy,41.9,12.5,32.86
1877,France,46.6,2.2,26.5
1877,Australia,-25.3,133.8,51.38
1878,United States,37.1,-95.7,16.04
1878,China,35.8,104.1,62.72
1878,India,20.6,78.9,20.58
1878,Russia,61.5,105.3,25.98
1878,Brazil,-14.2,-51.9,61.29
1878,Germany,51.2,10.4,34.52
1878,United Kingdom,55.4,-3.4,24.38
1878,Italy,41.9,12.5,42.22
1878,France,46.6,2.2,22.07
1878,Australia,-25.3,133.8,17.89
1879,United States,37.1,-95.7,18.65
1879,China,35.8,104.1,42.77
1879,India,20.6,78.9,64.53
1879,Russia,61.5,105.3,1.89
1879,Brazil,-14.2,-51.9,9.13
1879,Germany,51.2,10.4,10.06
1879,United Kingdom,55.4,-3.4,26.75
1879,Italy,41.9,12.5,29.47
1879,France,46.6,2.2,15.2
1879,Australia,-25.3,133.8,44.16
1880,United States,37.1,-95.7,57.71
1880,China,35.8,104.1,26.27
1880,India,20.6,78.9,1.91
1880,Russia,61.5,105.3,20.15
1880,Brazil,-14.2,-51.9,13.65
1880,Germany,51.2,10.4,18.18
1880,United Kingdom,55.4,-3.4,49.98
1880,Italy,41.9,12.5,1.21
1880,France,46.6,2.2,62.09
1880,Australia,-25.3,133.8,65.0
1881,United States,37.1,-95.7,33.58
1881,China,35.8,104.1,24.74
1881,India,20.6,78.9,23.23
1881,Russia,61.5,105.3,31.36
1881,Brazil,-14.2,-51.9,34.68
1881,Germany,51.2,10.4,34.28
1881,United Kingdom,55.4,-3.4,8.46
1881,Italy,41.9,12.5,48.13
1881,France,46.6,2.2,66.61
1881,Australia,-25.3,133.8,10.47
1882,United States,37.1,-95.7,63.69
1882,China,35.8,104.1,28.22
1882,India,20.6,78.9,54.44
1882,Russia,61.5,105.3,0.46
1882,Brazil,-14.2,-51.9,54.88
1882,Germany,51.2,10.4,47.66
1882,United Kingdom,55.4,-3.4,37.54
1882,Italy,41.9,12.5,15.37
1882,France,46.6,2.2,13.47
1882,Australia,-25.3,133.8,44.89
1883,United States,37.1,-95.7,4.3
1883,China,35.8,104.1,17.25
1883,India,20.6,78.9,43.98
1883,Russia,61.5,105.3,30.46
1883,Brazil,-14.2,-51.9,48.43
1883,Germany,51.2,10.4,47.49
1883,United Kingdom,55.4,-3.4,50.82
1883,Italy,41.9,12.5,32.4
1883,France,46.6,2.2,10.29
1883,Australia,-25.3,133.8,68.24
1884,United States,37.1,-95.7,34.7
1884,China,35.8,104.1,53.27
1884,India,20.6,78.9,20.8
1884,Russia,61.5,105.3,42.1
1884,Brazil,-14.2,-51.9,53.35
1884,Germany,51.2,10.4,60.91
1884,United Kingdom,55.4,-3.4,31.6
1884,Italy,41.9,12.5,4.48
1884,France,46.6,2.2,42.22
1884,Australia,-25.3,133.8,50.89
1885,United States,37.1,-95.7,31.74
1885,China,35.8,104.1,3.35
1885,India,20.6,78.9,24.41
1885,Russia,61.5,105.3,49.21
1885,Brazil,-14.2,-51.9,29.8
1885,Germany,51.2,10.4,22.29
1885,United Kingdom,55.4,-3.4,46.45
1885,Italy,41.9,12.5,21.35
1885,France,46.6,2.2,5.89
1885,Australia,-25.3,133.8,17.51
1886,United States,37.1,-95.7,13.35
1886,China,35.8,104.1,25.16
1886,India,20.6,78.9,17.44
1886,Russia,61.5,105.3,67.25
1886,Brazil,-14.2,-51.9,16.74
1886,Germany,51.2,10.4,51.4
1886,United Kingdom,55.4,-3.4,3.47
1886,Italy,41.9,12.5,10.06
1886,France,46.6,2.2,14.44
1886,Australia,-25.3,133.8,18.2
1887,United States,37.1,-95.7,10.5
1887,China,35.8,104.1,13.88
1887,India,20.6,78.9,38.48
1887,Russia,61.5,105.3,52.76
1887,Brazil,-14.2,-51.9,49.68
1887,Germany,51.2,10.4,17.75
1887,United Kingdom,55.4,-3.4,52.29
1887,Italy,41.9,12.5,41.89
1887,France,46.6,2.2,23.62
1887,Australia,-25.3,133.8,30.18
1888,United States,37.1,-95.7,41.33
1888,China,35.8,104.1,67.31
1888,India,20.6,78.9,0.92
1888,Russia,61.5,105.3,69.37
1888,Brazil,-14.2,-51.9,0.86
1888,Germany,51.2,10.4,4.08
1888,United Kingdom,55.4,-3.4,44.97
1888,Italy,41.9,12.5,18.74
1888,France,46.6,2.2,19.46
1888,Australia,-25.3,133.8,7.66
1889,United States,37.1,-95.7,66.06
1889,China,35.8,104.1,18.79
1889,India,20.6,78.9,15.62
1889,Russia,61.5,105.3,9.78
1889,Brazil,-14.2,-51.9,67.0
1889,Germany,51.2,10.4,13.51
1889,United Kingdom,55.4,-3.4,3.16
1889,Italy,41.9,12.5,38.13
1889,France,46.6,2.2,48.81
1889,Australia,-25.3,133.8,11.24
1890,United States,37.1,-95.7,43.87
1890,China,35.8,104.1,3.51
1890,India,20.6,78.9,5.74
1890,Russia,61.5,105.3,61.81
1890,Brazil,-14.2,-51.9,13.76
1890,Germany,51.2,10.4,17.24
1890,United Kingdom,55.4,-3.4,23.86
1890,Italy,41.9,12.5,20.06
1890,France,46.6,2.2,57.63
1890,Australia,-25.3,133.8,21.8
1891,United States,37.1,-95.7,45.85
1891,China,35.8,104.1,32.43
1891,India,20.6,78.9,40.83
1891,Russia,61.5,105.3,7.83
1891,Brazil,-14.2,-51.9,1.87
1891,Germany,51.2,10.4,3.29
1891,United Kingdom,55.4,-3.4,57.43
1891,Italy,41.9,12.5,38.8
1891,France,46.6,2.2,64.1
1891,Australia,-25.3,133.8,66.38
1892,United States,37.1,-95.7,44.78
1892,China,35.8,104.1,50.07
1892,India,20.6,78.9,25.35
1892,Russia,61.5,105.3,41.46
1892,Brazil,-14.2,-51.9,34.05
1892,Germany,51.2,10.4,27.65
1892,United Kingdom,55.4,-3.4,28.88
1892,Italy,41.9,12.5,13.8
1892,France,46.6,2.2,55.51
1892,Australia,-25.3,133.8,41.19
1893,United States,37.1,-95.7,23.63
1893,China,35.8,104.1,32.95
1893,India,20.6,78.9,17.55
1893,Russia,61.5,105.3,56.46
1893,Brazil,-14.2,-51.9,29.23
1893,Germany,51.2,10.4,19.12
1893,United Kingdom,55.4,-3.4,68.29
1893,Italy,41.9,12.5,25.8
1893,France,46.6,2.2,58.16
1893,Australia,-25.3,133.8,70.26
1894,United States,37.1,-95.7,38.4
1894,China,35.8,104.1,65.89
1894,India,20.6,78.9,23.54
1894,Russia,61.5,105.3,29.96
1894,Brazil,-14.2,-51.9,66.01
1894,Germany,51.2,10.4,36.12
1894,United Kingdom,55.4,-3.4,53.57
1894,Italy,41.9,12.5,28.81
1894,France,46.6,2.2,53.36
1894,Australia,-25.3,133.8,11.72
1895,United States,37.1,-95.7,28.68
1895,China,35.8,104.1,69.0
1895,India,20.6,78.9,51.84
1895,Russia,61.5,105.3,4.94
1895,Brazil,-14.2,-51.9,4.12
1895,Germany,51.2,10.4,57.06
1895,United Kingdom,55.4,-3.4,9.96
1895,Italy,41.9,12.5,63.25
1895,France,46.6,2.2,46.81
1895,Australia,-25.3,133.8,30.32
1896,United States,37.1,-95.7,67.0
1896,China,35.8,104.1,4.38
1896,India,20.6,78.9,32.42
1896,Russia,61.5,105.3,48.36
1896,Brazil,-14.2,-51.9,25.22
1896,Germany,51.2,10.4,42.53
1896,United Kingdom,55.4,-3.4,44.01
1896,Italy,41.9,12.5,3.84
1896,France,46.6,2.2,51.14
1896,Australia,-25.3,133.8,68.9
1897,United States,37.1,-95.7,4.84
1897,China,35.8,104.1,55.13
1897,India,20.6,78.9,68.09
1897,Russia,61.5,105.3,10.78
1897,Brazil,-14.2,-51.9,52.41
1897,Germany,51.2,10.4,67.59
1897,United Kingdom,55.4,-3.4,58.95
1897,Italy,41.9,12.5,36.55
1897,France,46.6,2.2,52.8
1897,Australia,-25.3,133.8,27.14
1898,United States,37.1,-95.7,27.45
1898,China,35.8,104.1,33.91
1898,India,20.6,78.9,10.89
1898,Russia,61.5,105.3,45.92
1898,Brazil,-14.2,-51.9,30.76
1898,Germany,51.2,10.4,10.35
1898,United Kingdom,55.4,-3.4,25.38
1898,Italy,41.9,12.5,61.25
1898,France,46.6,2.2,45.01
1898,Australia,-25.3,133.8,31.01
1899,United States,37.1,-95.7,31.15
1899,China,35.8,104.1,7.86
1899,India,20.6,78.9,68.93
1899,Russia,61.5,105.3,57.31
1899,Brazil,-14.2,-51.9,68.95
1899,Germany,51.2,10.4,72.13
1899,United Kingdom,55.4,-3.4,9.91
1899,Italy,41.9,12.5,7.6
1899,France,46.6,2.2,59.66
1899,Australia,-25.3,133.8,3.59
1900,United States,37.1,-95.7,718.89
1900,China,35.8,104.1,693.16
1900,India,20.6,78.9,1439.57
1900,Russia,61.5,105.3,877.65
1900,Brazil,-14.2,-51.9,1223.87
1900,Germany,51.2,10.4,1411.53
1900,United Kingdom,55.4,-3.4,1008.03
1900,Italy,41.9,12.5,420.47
1900,France,46.6,2.2,1136.15
1900,Australia,-25.3,133.8,1121.04
1901,United States,37.1,-95.7,1036.13
1901,China,35.8,104.1,1145.21
1901,India,20.6,78.9,890.75
1901,Russia,61.5,105.3,354.22
1901,Brazil,-14.2,-51.9,497.42
1901,Germany,51.2,10.4,1128.92
1901,United Kingdom,55.4,-3.4,213.5
1901,Italy,41.9,12.5,433.7
1901,France,46.6,2.2,153.36
1901,Australia,-25.3,133.8,282.28
1902,United States,37.1,-95.7,994.58
1902,China,35.8,104.1,1135.14
1902,India,20.6,78.9,551.22
1902,Russia,61.5,105.3,533.99
1902,Brazil,-14.2,-51.9,972.23
1902,Germany,51.2,10.4,89.81
1902,United Kingdom,55.4,-3.4,812.99
1902,Italy,41.9,12.5,150.75
1902,France,46.6,2.2,451.61
1902,Australia,-25.3,133.8,758.37
1903,United States,37.1,-95.7,1269.28
1903,China,35.8,104.1,668.21
1903,India,20.6,78.9,108.62
1903,Russia,61.5,105.3,970.35
1903,Brazil,-14.2,-51.9,742.18
1903,Germany,51.2,10.4,538.16
1903,United Kingdom,55.4,-3.4,1268.16
1903,Italy,41.9,12.5,819.98
1903,France,46.6,2.2,1441.82
1903,Australia,-25.3,133.8,389.12
1904,United States,37.1,-95.7,984.96
1904,China,35.8,104.1,564.11
1904,India,20.6,78.9,919.98
1904,Russia,61.5,105.3,1106.66
1904,Brazil,-14.2,-51.9,87.35
1904,Germany,51.2,10.4,713.72
1904,United Kingdom,55.4,-3.4,170.09
1904,Italy,41.9,12.5,557.88
1904,France,46.6,2.2,1378.37
1904,Australia,-25.3,133.8,702.03
1905,United States,37.1,-95.7,789.35
1905,China,35.8,104.1,793.31
1905,India,20.6,78.9,1209.29
1905,Russia,61.5,105.3,651.0
1905,Brazil,-14.2,-51.9,632.5
1905,Germany,51.2,10.4,1436.93
1905,United Kingdom,55.4,-3.4,256.04
1905,Italy,41.9,12.5,586.74
1905,France,46.6,2.2,344.7
1905,Australia,-25.3,133.8,604.73
1906,United States,37.1,-95.7,1232.53
1906,China,35.8,104.1,1146.48
1906,India,20.6,78.9,1416.78
1906,Russia,61.5,105.3,188.68
1906,Brazil,-14.2,-51.9,865.23
1906,Germany,51.2,10.4,750.07
1906,United Kingdom,55.4,-3.4,386.62
1906,Italy,41.9,12.5,727.83
1906,France,46.6,2.2,1088.53
1906,Australia,-25.3,133.8,1021.43
1907,United States,37.1,-95.7,1182.37
1907,China,35.8,104.1,1446.38
1907,India,20.6,78.9,837.27
1907,Russia,61.5,105.3,411.49
1907,Brazil,-14.2,-51.9,1195.52
1907,Germany,51.2,10.4,368.2
1907,United Kingdom,55.4,-3.4,305.08
1907,Italy,41.9,12.5,910.19
1907,France,46.6,2.2,1210.31
1907,Australia,-25.3,133.8,782.84
1908,United States,37.1,-95.7,367.59
1908,China,35.8,104.1,333.45
1908,India,20.6,78.9,85.59
1908,Russia,61.5,105.3,314.58
1908,Brazil,-14.2,-51.9,767.72
1908,Germany,51.2,10.4,479.19
1908,United Kingdom,55.4,-3.4,327.25
1908,Italy,41.9,12.5,1154.63
1908,France,46.6,2.2,474.43
1908,Australia,-25.3,133.8,1475.16
1909,United States,37.1,-95.7,85.13
1909,China,35.8,104.1,1250.64
1909,India,20.6,78.9,1076.08
1909,Russia,61.5,105.3,145.54
1909,Brazil,-14.2,-51.9,299.03
1909,Germany,51.2,10.4,873.02
1909,United Kingdom,55.4,-3.4,779.78
1909,Italy,41.9,12.5,820.34
1909,France,46.6,2.2,827.42
1909,Australia,-25.3,133.8,123.83
1910,United States,37.1,-95.7,146.61
1910,China,35.8,104.1,1351.98
1910,India,20.6,78.9,337.44
1910,Russia,61.5,105.3,1264.82
1910,Brazil,-14.2,-51.9,1407.77
1910,Germany,51.2,10.4,561.15
1910,United Kingdom,55.4,-3.4,995.24
1910,Italy,41.9,12.5,908.57
1910,France,46.6,2.2,987.83
1910,Australia,-25.3,133.8,1001.88
1911,United States,37.1,-95.7,1034.18
1911,China,35.8,104.1,483.35
1911,India,20.6,78.9,1036.97
1911,Russia,61.5,105.3,1062.45
1911,Brazil,-14.2,-51.9,1471.09
1911,Germany,51.2,10.4,1396.82
1911,United Kingdom,55.4,-3.4,349.12
1911,Italy,41.9,12.5,122.49
1911,France,46.6,2.2,1189.09
1911,Australia,-25.3,133.8,725.0
1912,United States,37.1,-95.7,278.57
1912,China,35.8,104.1,912.59
1912,India,20.6,78.9,492.25
1912,Russia,61.5,105.3,1460.13
1912,Brazil,-14.2,-51.9,866.63
1912,Germany,51.2,10.4,1127.51
1912,United Kingdom,55.4,-3.4,616.85
1912,Italy,41.9,12.5,1188.61
1912,France,46.6,2.2,817.17
1912,Australia,-25.3,133.8,111.37
1913,United States,37.1,-95.7,628.85
1913,China,35.8,104.1,1196.44
1913,India,20.6,78.9,765.21
1913,Russia,61.5,105.3,963.2
1913,Brazil,-14.2,-51.9,615.71
1913,Germany,51.2,10.4,741.87
1913,United Kingdom,55.4,-3.4,1048.38
1913,Italy,41.9,12.5,1404.3
1913,France,46.6,2.2,1462.85
1913,Australia,-25.3,133.8,1050.16
1914,United States,37.1,-95.7,411.22
1914,China,35.8,104.1,901.96
1914,India,20.6,78.9,1460.14
1914,Russia,61.5,105.3,1425.27
1914,Brazil,-14.2,-51.9,1305.05
1914,Germany,51.2,10.4,329.13
1914,United Kingdom,55.4,-3.4,1300.7
1914,Italy,41.9,12.5,1139.71
1914,France,46.6,2.2,939.29
1914,Australia,-25.3,133.8,641.34
1915,United States,37.1,-95.7,1236.87
1915,China,35.8,104.1,571.04
1915,India,20.6,78.9,756.02
1915,Russia,61.5,105.3,1334.9
1915,Brazil,-14.2,-51.9,281.32
1915,Germany,51.2,10.4,1103.65
1915,United Kingdom,55.4,-3.4,1005.76
1915,Italy,41.9,12.5,983.7
1915,France,46.6,2.2,1178.48
1915,Australia,-25.3,133.8,889.54
1916,United States,37.1,-95.7,604.52
1916,China,35.8,104.1,170.46
1916,India,20.6,78.9,1354.02
1916,Russia,61.5,105.3,1449.06
1916,Brazil,-14.2,-51.9,974.82
1916,Germany,51.2,10.4,420.24
1916,United Kingdom,55.4,-3.4,1116.13
1916,Italy,41.9,12.5,1165.83
1916,France,46.6,2.2,1495.51
1916,Australia,-25.3,133.8,649.75
1917,United States,37.1,-95.7,311.87
1917,China,35.8,104.1,391.6
1917,India,20.6,78.9,1426.73
1917,Russia,61.5,105.3,869.37
1917,Brazil,-14.2,-51.9,770.78
1917,Germany,51.2,10.4,378.42
1917,United Kingdom,55.4,-3.4,323.41
1917,Italy,41.9,12.5,1413.68
1917,France,46.6,2.2,897.19
1917,Australia,-25.3,133.8,239.05
1918,United States,37.1,-95.7,661.55
1918,China,35.8,104.1,1252.76
1918,India,20.6,78.9,802.21
1918,Russia,61.5,105.3,1120.41
1918,Brazil,-14.2,-51.9,963.57
1918,Germany,51.2,10.4,274.74
1918,United Kingdom,55.4,-3.4,380.85
1918,Italy,41.9,12.5,1522.03
1918,France,46.6,2.2,437.74
1918,Australia,-25.3,133.8,1463.65
1919,United States,37.1,-95.7,1220.01
1919,China,35.8,104.1,259.84
1919,India,20.6,78.9,1457.6
1919,Russia,61.5,105.3,1227.5
1919,Brazil,-14.2,-51.9,766.44
1919,Germany,51.2,10.4,1504.57
1919,United Kingdom,55.4,-3.4,1179.93
1919,Italy,41.9,12.5,401.91
1919,France,46.6,2.2,1040.21
1919,Australia,-25.3,133.8,1090.58
1920,United States,37.1,-95.7,1524.66
1920,China,35.8,104.1,1204.44
1920,India,20.6,78.9,189.55
1920,Russia,61.5,105.3,223.9
1920,Brazil,-14.2,-51.9,1482.02
1920,Germany,51.2,10.4,1032.71
1920,United Kingdom,55.4,-3.4,556.06
1920,Italy,41.9,12.5,1139.58
1920,France,46.6,2.2,83.33
1920,Australia,-25.3,133.8,458.62
1921,United States,37.1,-95.7,1208.32
1921,China,35.8,104.1,740.58
1921,India,20.6,78.9,1195.84
1921,Russia,61.5,105.3,1352.92
1921,Brazil,-14.2,-51.9,235.43
1921,Germany,51.2,10.4,614.97
1921,United Kingdom,55.4,-3.4,151.2
1921,Italy,41.9,12.5,1349.18
1921,France,46.6,2.2,750.23
1921,Australia,-25.3,133.8,447.85
1922,United States,37.1,-95.7,626.36
1922,China,35.8,104.1,1051.76
1922,India,20.6,78.9,722.43
1922,Russia,61.5,105.3,263.45
1922,Brazil,-14.2,-51.9,402.36
1922,Germany,51.2,10.4,1411.49
1922,United Kingdom,55.4,-3.4,792.19
1922,Italy,41.9,12.5,1119.71
1922,France,46.6,2.2,799.26
1922,Australia,-25.3,133.8,195.49
1923,United States,37.1,-95.7,224.25
1923,China,35.8,104.1,321.86
1923,India,20.6,78.9,315.47
1923,Russia,61.5,105.3,240.74
1923,Brazil,-14.2,-51.9,780.97
1923,Germany,51.2,10.4,230.96
1923,United Kingdom,55.4,-3.4,1071.97
1923,Italy,41.9,12.5,1075.26
1923,France,46.6,2.2,524.0
1923,Australia,-25.3,133.8,1442.62
1924,United States,37.1,-95.7,138.62
1924,China,35.8,104.1,1265.54
1924,India,20.6,78.9,1089.68
1924,Russia,61.5,105.3,657.3
1924,Brazil,-14.2,-51.9,1509.28
1924,Germany,51.2,10.4,433.17
1924,United Kingdom,55.4,-3.4,507.08
1924,Italy,41.9,12.5,638.79
1924,France,46.6,2.2,1479.6
1924,Australia,-25.3,133.8,1057.51
1925,United States,37.1,-95.7,606.82
1925,China,35.8,104.1,365.98
1925,India,20.6,78.9,571.05
1925,Russia,61.5,105.3,676.22
1925,Brazil,-14.2,-51.9,582.32
1925,Germany,51.2,10.4,1545.83
1925,United Kingdom,55.4,-3.4,570.55
1925,Italy,41.9,12.5,357.39
1925,France,46.6,2.2,1185.25
1925,Australia,-25.3,133.8,1028.01
1926,United States,37.1,-95.7,1213.01
1926,China,35.8,104.1,783.29
1926,India,20.6,78.9,1157.6
1926,Russia,61.5,105.3,325.62
1926,Brazil,-14.2,-51.9,1472.61
1926,Germany,51.2,10.4,1334.39
1926,United Kingdom,55.4,-3.4,1488.54
1926,Italy,41.9,12.5,590.33
1926,France,46.6,2.2,982.62
1926,Australia,-25.3,133.8,479.95
1927,United States,37.1,-95.7,836.91
1927,China,35.8,104.1,928.34
1927,India,20.6,78.9,527.54
1927,Russia,61.5,105.3,1448.16
1927,Brazil,-14.2,-51.9,419.86
1927,Germany,51.2,10.4,89.55
1927,United Kingdom,55.4,-3.4,925.31
1927,Italy,41.9,12.5,1063.18
1927,France,46.6,2.2,415.83
1927,Australia,-25.3,133.8,1543.83
1928,United States,37.1,-95.7,1088.07
1928,China,35.8,104.1,1030.94
1928,India,20.6,78.9,1482.72
1928,Russia,61.5,105.3,1389.8
1928,Brazil,-14.2,-51.9,395.46
1928,Germany,51.2,10.4,130.52
1928,United Kingdom,55.4,-3.4,393.24
1928,Italy,41.9,12.5,741.64
1928,France,46.6,2.2,1312.49
1928,Australia,-25.3,133.8,726.2
1929,United States,37.1,-95.7,1260.61
1929,China,35.8,104.1,82.98
1929,India,20.6,78.9,1276.41
1929,Russia,61.5,105.3,584.39
1929,Brazil,-14.2,-51.9,1417.92
1929,Germany,51.2,10.4,389.3
1929,United Kingdom,55.4,-3.4,961.66
1929,Italy,41.9,12.5,1092.15
1929,France,46.6,2.2,510.32
1929,Australia,-25.3,133.8,1345.99
1930,United States,37.1,-95.7,1530.55
1930,China,35.8,104.1,534.73
1930,India,20.6,78.9,262.67
1930,Russia,61.5,105.3,147.86
1930,Brazil,-14.2,-51.9,716.59
1930,Germany,51.2,10.4,301.48
1930,United Kingdom,55.4,-3.4,777.54
1930,Italy,41.9,12.5,356.42
1930,France,46.6,2.2,1529.1
1930,Australia,-25.3,133.8,703.62
1931,United States,37.1,-95.7,1525.21
1931,China,35.8,104.1,1261.76
1931,India,20.6,78.9,585.32
1931,Russia,61.5,105.3,673.57
1931,Brazil,-14.2,-51.9,1389.23
1931,Germany,51.2,10.4,461.6
1931,United Kingdom,55.4,-3.4,1126.43
1931,Italy,41.9,12.5,467.13
1931,France,46.6,2.2,831.61
1931,Australia,-25.3,133.8,571.24
1932,United States,37.1,-95.7,781.03
1932,China,35.8,104.1,993.59
1932,India,20.6,78.9,577.64
1932,Russia,61.5,105.3,961.54
1932,Brazil,-14.2,-51.9,1201.56
1932,Germany,51.2,10.4,162.62
1932,United Kingdom,55.4,-3.4,1465.59
1932,Italy,41.9,12.5,792.67
1932,France,46.6,2.2,1522.49
1932,Australia,-25.3,133.8,120.97
1933,United States,37.1,-95.7,696.81
1933,China,35.8,104.1,1009.24
1933,India,20.6,78.9,921.41
1933,Russia,61.5,105.3,1284.01
1933,Brazil,-14.2,-51.9,291.58
1933,Germany,51.2,10.4,466.71
1933,United Kingdom,55.4,-3.4,351.23
1933,Italy,41.9,12.5,626.43
1933,France,46.6,2.2,1061.76
1933,Australia,-25.3,133.8,561.11
1934,United States,37.1,-95.7,1140.41
1934,China,35.8,104.1,1090.27
1934,India,20.6,78.9,940.23
1934,Russia,61.5,105.3,1117.55
1934,Brazil,-14.2,-51.9,1223.13
1934,Germany,51.2,10.4,152.37
1934,United Kingdom,55.4,-3.4,1567.83
1934,Italy,41.9,12.5,1498.24
1934,France,46.6,2.2,1533.73
1934,Australia,-25.3,133.8,1082.28
1935,United States,37.1,-95.7,585.17
1935,China,35.8,104.1,1321.67
1935,India,20.6,78.9,1422.48
1935,Russia,61.5,105.3,670.63
1935,Brazil,-14.2,-51.9,1224.09
1935,Germany,51.2,10.4,1220.01
1935,United Kingdom,55.4,-3.4,1085.54
1935,Italy,41.9,12.5,240.54
1935,France,46.6,2.2,165.95
1935,Australia,-25.3,133.8,1268.61
1936,United States,37.1,-95.7,461.32
1936,China,35.8,104.1,1018.57
1936,India,20.6,78.9,720.47
1936,Russia,61.5,105.3,509.9
1936,Brazil,-14.2,-51.9,1558.92
1936,Germany,51.2,10.4,1181.19
1936,United Kingdom,55.4,-3.4,862.81
1936,Italy,41.9,12.5,1563.46
1936,France,46.6,2.2,681.5
1936,Australia,-25.3,133.8,1480.71
1937,United States,37.1,-95.7,844.9
1937,China,35.8,104.1,198.62
1937,India,20.6,78.9,571.16
1937,Russia,61.5,105.3,1216.2
1937,Brazil,-14.2,-51.9,828.13
1937,Germany,51.2,10.4,993.12
1937,United Kingdom,55.4,-3.4,452.69
1937,Italy,41.9,12.5,452.39
1937,France,46.6,2.2,471.38
1937,Australia,-25.3,133.8,1035.86
1938,United States,37.1,-95.7,1600.51
1938,China,35.8,104.1,239.05
1938,India,20.6,78.9,607.89
1938,Russia,61.5,105.3,410.71
1938,Brazil,-14.2,-51.9,121.1
1938,Germany,51.2,10.4,1033.97
1938,United Kingdom,55.4,-3.4,714.05
1938,Italy,41.9,12.5,585.05
1938,France,46.6,2.2,947.57
1938,Australia,-25.3,133.8,837.23
1939,United States,37.1,-95.7,450.49
1939,China,35.8,104.1,1573.28
1939,India,20.6,78.9,194.18
1939,Russia,61.5,105.3,621.71
1939,Brazil,-14.2,-51.9,110.77
1939,Germany,51.2,10.4,1263.72
1939,United Kingdom,55.4,-3.4,1324.79
1939,Italy,41.9,12.5,1003.86
1939,France,46.6,2.2,1241.25
1939,Australia,-25.3,133.8,996.88
1940,United States,37.1,-95.7,607.9
1940,China,35.8,104.1,1219.26
1940,India,20.6,78.9,292.41
1940,Russia,61.5,105.3,317.25
1940,Brazil,-14.2,-51.9,1368.18
1940,Germany,51.2,10.4,436.37
1940,United Kingdom,55.4,-3.4,277.02
1940,Italy,41.9,12.5,553.06
1940,France,46.6,2.2,1065.68
1940,Australia,-25.3,133.8,1164.73
1941,United States,37.1,-95.7,1281.02
1941,China,35.8,104.1,898.75
1941,India,20.6,78.9,964.11
1941,Russia,61.5,105.3,232.2
1941,Brazil,-14.2,-51.9,594.95
1941,Germany,51.2,10.4,577.0
1941,United Kingdom,55.4,-3.4,117.88
1941,Italy,41.9,12.5,1514.79
1941,France,46.6,2.2,189.11
1941,Australia,-25.3,133.8,1300.8
1942,United States,37.1,-95.7,304.22
1942,China,35.8,104.1,805.99
1942,India,20.6,78.9,1415.73
1942,Russia,61.5,105.3,1320.97
1942,Brazil,-14.2,-51.9,1453.08
1942,Germany,51.2,10.4,1610.24
1942,United Kingdom,55.4,-3.4,1412.6
1942,Italy,41.9,12.5,510.3
1942,France,46.6,2.2,1567.9
1942,Australia,-25.3,133.8,888.43
1943,United States,37.1,-95.7,1129.76
1943,China,35.8,104.1,714.42
1943,India,20.6,78.9,748.05
1943,Russia,61.5,105.3,1177.19
1943,Brazil,-14.2,-51.9,1554.37
1943,Germany,51.2,10.4,156.59
1943,United Kingdom,55.4,-3.4,1082.22
1943,Italy,41.9,12.5,331.9
1943,France,46.6,2.2,1496.33
1943,Australia,-25.3,133.8,151.15
1944,United States,37.1,-95.7,1411.67
1944,China,35.8,104.1,1596.26
1944,India,20.6,78.9,681.26
1944,Russia,61.5,105.3,200.48
1944,Brazil,-14.2,-51.9,163.28
1944,Germany,51.2,10.4,791.91
1944,United Kingdom,55.4,-3.4,1212.78
1944,Italy,41.9,12.5,573.62
1944,France,46.6,2.2,636.71
1944,Australia,-25.3,133.8,1440.75
1945,United States,37.1,-95.7,829.8
1945,China,35.8,104.1,681.66
1945,India,20.6,78.9,1433.38
1945,Russia,61.5,105.3,253.43
1945,Brazil,-14.2,-51.9,249.83
1945,Germany,51.2,10.4,1256.14
1945,United Kingdom,55.4,-3.4,1254.12
1945,Italy,41.9,12.5,1246.33
1945,France,46.6,2.2,1594.54
1945,Australia,-25.3,133.8,781.07
1946,United States,37.1,-95.7,1289.25
1946,China,35.8,104.1,524.35
1946,India,20.6,78.9,1453.55
1946,Russia,61.5,105.3,1550.82
1946,Brazil,-14.2,-51.9,1164.03
1946,Germany,51.2,10.4,1275.36
1946,United Kingdom,55.4,-3.4,717.64
1946,Italy,41.9,12.5,863.57
1946,France,46.6,2.2,189.04
1946,Australia,-25.3,133.8,130.9
1947,United States,37.1,-95.7,709.3
1947,China,35.8,104.1,441.27
1947,India,20.6,78.9,750.98
1947,Russia,61.5,105.3,159.32
1947,Brazil,-14.2,-51.9,1324.83
1947,Germany,51.2,10.4,125.31
1947,United Kingdom,55.4,-3.4,472.85
1947,Italy,41.9,12.5,1577.79
1947,France,46.6,2.2,725.02
1947,Australia,-25.3,133.8,593.83
1948,United States,37.1,-95.7,785.72
1948,China,35.8,104.1,919.37
1948,India,20.6,78.9,1109.92
1948,Russia,61.5,105.3,1227.07
1948,Brazil,-14.2,-51.9,806.19
1948,Germany,51.2,10.4,170.32
1948,United Kingdom,55.4,-3.4,809.28
1948,Italy,41.9,12.5,920.41
1948,France,46.6,2.2,487.62
1948,Australia,-25.3,133.8,773.61
1949,United States,37.1,-95.7,132.15
1949,China,35.8,104.1,694.89
1949,India,20.6,78.9,268.58
1949,Russia,61.5,105.3,824.0
1949,Brazil,-14.2,-51.9,245.03
1949,Germany,51.2,10.4,211.26
1949,United Kingdom,55.4,-3.4,1484.31
1949,Italy,41.9,12.5,1624.76
1949,France,46.6,2.2,375.85
1949,Australia,-25.3,133.8,1660.94
1950,United States,37.1,-95.7,630.22
1950,China,35.8,104.1,1434.26
1950,India,20.6,78.9,1292.14
1950,Russia,61.5,105.3,739.08
1950,Brazil,-14.2,-51.9,1379.8
1950,Germany,51.2,10.4,1174.64
1950,United Kingdom,55.4,-3.4,1450.31
1950,Italy,41.9,12.5,146.07
1950,France,46.6,2.2,1561.46
1950,Australia,-25.3,133.8,153.09
1951,United States,37.1,-95.7,1267.44
1951,China,35.8,104.1,894.43
1951,India,20.6,78.9,995.03
1951,Russia,61.5,105.3,1147.21
1951,Brazil,-14.2,-51.9,422.11
1951,Germany,51.2,10.4,1342.29
1951,United Kingdom,55.4,-3.4,241.98
1951,Italy,41.9,12.5,469.82
1951,France,46.6,2.2,1297.79
1951,Australia,-25.3,133.8,985.42
1952,United States,37.1,-95.7,224.83
1952,China,35.8,104.1,853.92
1952,India,20.6,78.9,1055.66
1952,Russia,61.5,105.3,150.89
1952,Brazil,-14.2,-51.9,160.52
1952,Germany,51.2,10.4,1266.02
1952,United Kingdom,55.4,-3.4,1184.19
1952,Italy,41.9,12.5,1070.76
1952,France,46.6,2.2,465.95
1952,Australia,-25.3,133.8,258.76
1953,United States,37.1,-95.7,535.22
1953,China,35.8,104.1,281.42
1953,India,20.6,78.9,557.5
1953,Russia,61.5,105.3,767.23
1953,Brazil,-14.2,-51.9,1012.47
1953,Germany,51.2,10.4,836.93
1953,United Kingdom,55.4,-3.4,1308.31
1953,Italy,41.9,12.5,1366.98
1953,France,46.6,2.2,491.09
1953,Australia,-25.3,133.8,218.32
1954,United States,37.1,-95.7,524.89
1954,China,35.8,104.1,833.22
1954,India,20.6,78.9,649.26
1954,Russia,61.5,105.3,984.78
1954,Brazil,-14.2,-51.9,520.08
1954,Germany,51.2,10.4,1020.46
1954,United Kingdom,55.4,-3.4,1468.97
1954,Italy,41.9,12.5,1067.67
1954,France,46.6,2.2,1607.41
1954,Australia,-25.3,133.8,1453.33
1955,United States,37.1,-95.7,1069.32
1955,China,35.8,104.1,1276.18
1955,India,20.6,78.9,1102.03
1955,Russia,61.5,105.3,316.84
1955,Brazil,-14.2,-51.9,788.85
1955,Germany,51.2,10.4,1475.42
1955,United Kingdom,55.4,-3.4,1282.07
1955,Italy,41.9,12.5,346.3
1955,France,46.6,2.2,283.02
1955,Australia,-25.3,133.8,1382.89
1956,United States,37.1,-95.7,1406.09
1956,China,35.8,104.1,1156.54
1956,India,20.6,78.9,977.43
1956,Russia,61.5,105.3,1403.33
1956,Brazil,-14.2,-51.9,1464.61
1956,Germany,51.2,10.4,803.48
1956,United Kingdom,55.4,-3.4,238.47
1956,Italy,41.9,12.5,904.28
1956,France,46.6,2.2,305.7
1956,Australia,-25.3,133.8,1508.82
1957,United States,37.1,-95.7,582.79
1957,China,35.8,104.1,829.2
1957,India,20.6,78.9,1496.72
1957,Russia,61.5,105.3,354.65
1957,Brazil,-14.2,-51.9,296.94
1957,Germany,51.2,10.4,174.19
1957,United Kingdom,55.4,-3.4,293.11
1957,Italy,41.9,12.5,742.14
1957,France,46.6,2.2,301.88
1957,Australia,-25.3,133.8,1657.78
1958,United States,37.1,-95.7,194.81
1958,China,35.8,104.1,383.61
1958,India,20.6,78.9,1655.19
1958,Russia,61.5,105.3,1267.37
1958,Brazil,-14.2,-51.9,912.66
1958,Germany,51.2,10.4,811.56
1958,United Kingdom,55.4,-3.4,974.59
1958,Italy,41.9,12.5,504.27
1958,France,46.6,2.2,1572.57
1958,Australia,-25.3,133.8,1459.72
1959,United States,37.1,-95.7,1487.15
1959,China,35.8,104.1,835.31
1959,India,20.6,78.9,1668.71
1959,Russia,61.5,105.3,248.05
1959,Brazil,-14.2,-51.9,1016.21
1959,Germany,51.2,10.4,1408.13
1959,United Kingdom,55.4,-3.4,1603.82
1959,Italy,41.9,12.5,917.7
1959,France,46.6,2.2,384.74
1959,Australia,-25.3,133.8,902.36
1960,United States,37.1,-95.7,1032.3
1960,China,35.8,104.1,1662.04
1960,India,20.6,78.9,1563.81
1960,Russia,61.5,105.3,1173.5
1960,Brazil,-14.2,-51.9,634.91
1960,Germany,51.2,10.4,410.42
1960,United Kingdom,55.4,-3.4,844.62
1960,Italy,41.9,12.5,904.55
1960,France,46.6,2.2,191.6
1960,Australia,-25.3,133.8,895.67
1961,United States,37.1,-95.7,326.82
1961,China,35.8,104.1,1054.11
1961,India,20.6,78.9,1064.31
1961,Russia,61.5,105.3,1545.75
1961,Brazil,-14.2,-51.9,371.92
1961,Germany,51.2,10.4,877.98
1961,United Kingdom,55.4,-3.4,197.03
1961,Italy,41.9,12.5,316.18
1961,France,46.6,2.2,965.18
1961,Australia,-25.3,133.8,1122.87
1962,United States,37.1,-95.7,1154.86
1962,China,35.8,104.1,96.25
1962,India,20.6,78.9,1705.56
1962,Russia,61.5,105.3,945.58
1962,Brazil,-14.2,-51.9,506.3
1962,Germany,51.2,10.4,345.44
1962,United Kingdom,55.4,-3.4,628.93
1962,Italy,41.9,12.5,387.25
1962,France,46.6,2.2,893.78
1962,Australia,-25.3,133.8,1679.23
1963,United States,37.1,-95.7,478.2
1963,China,35.8,104.1,753.09
1963,India,20.6,78.9,1616.16
1963,Russia,61.5,105.3,438.9
1963,Brazil,-14.2,-51.9,1029.4
1963,Germany,51.2,10.4,87.22
1963,United Kingdom,55.4,-3.4,1039.93
1963,Italy,41.9,12.5,387.61
1963,France,46.6,2.2,667.78
1963,Australia,-25.3,133.8,1201.15
1964,United States,37.1,-95.7,787.0
1964,China,35.8,104.1,609.65
1964,India,20.6,78.9,535.02
1964,Russia,61.5,105.3,342.27
1964,Brazil,-14.2,-51.9,358.49
1964,Germany,51.2,10.4,890.2
1964,United Kingdom,55.4,-3.4,1399.92
1964,Italy,41.9,12.5,1300.48
1964,France,46.6,2.2,952.03
1964,Australia,-25.3,133.8,1194.34
1965,United States,37.1,-95.7,812.39
1965,China,35.8,104.1,1556.79
1965,India,20.6,78.9,1133.81
1965,Russia,61.5,105.3,695.36
1965,Brazil,-14.2,-51.9,1430.51
1965,Germany,51.2,10.4,1358.28
1965,United Kingdom,55.4,-3.4,903.24
1965,Italy,41.9,12.5,495.15
1965,France,46.6,2.2,1113.93
1965,Australia,-25.3,133.8,1134.64
1966,United States,37.1,-95.7,326.15
1966,China,35.8,104.1,98.73
1966,India,20.6,78.9,1067.62
1966,Russia,61.5,105.3,801.42
1966,Brazil,-14.2,-51.9,474.26
1966,Germany,51.2,10.4,1531.32
1966,United Kingdom,55.4,-3.4,1539.51
1966,Italy,41.9,12.5,1425.11
1966,France,46.6,2.2,1708.02
1966,Australia,-25.3,133.8,967.4
1967,United States,37.1,-95.7,1100.08
1967,China,35.8,104.1,1627.64
1967,India,20.6,78.9,382.68
1967,Russia,61.5,105.3,373.68
1967,Brazil,-14.2,-51.9,782.8
1967,Germany,51.2,10.4,160.81
1967,United Kingdom,55.4,-3.4,122.6
1967,Italy,41.9,12.5,220.76
1967,France,46.6,2.2,211.91
1967,Australia,-25.3,133.8,607.18
1968,United States,37.1,-95.7,334.83
1968,China,35.8,104.1,1703.82
1968,India,20.6,78.9,92.14
1968,Russia,61.5,105.3,436.79
1968,Brazil,-14.2,-51.9,1231.31
1968,Germany,51.2,10.4,886.39
1968,United Kingdom,55.4,-3.4,106.92
1968,Italy,41.9,12.5,838.36
1968,France,46.6,2.2,707.78
1968,Australia,-25.3,133.8,589.81
1969,United States,37.1,-95.7,842.85
1969,China,35.8,104.1,378.88
1969,India,20.6,78.9,356.58
1969,Russia,61.5,105.3,851.35
1969,Brazil,-14.2,-51.9,1479.97
1969,Germany,51.2,10.4,482.02
1969,United Kingdom,55.4,-3.4,1034.91
1969,Italy,41.9,12.5,1562.0
1969,France,46.6,2.2,1656.61
1969,Australia,-25.3,133.8,1521.57
1970,United States,37.1,-95.7,278.62
1970,China,35.8,104.1,1115.59
1970,India,20.6,78.9,915.28
1970,Russia,61.5,105.3,1477.77
1970,Brazil,-14.2,-51.9,1540.86
1970,Germany,51.2,10.4,486.39
1970,United Kingdom,55.4,-3.4,1284.97
1970,Italy,41.9,12.5,1144.74
1970,France,46.6,2.2,1323.72
1970,Australia,-25.3,133.8,1520.66
1971,United States,37.1,-95.7,638.82
1971,China,35.8,104.1,1535.25
1971,India,20.6,78.9,207.01
1971,Russia,61.5,105.3,1184.1
1971,Brazil,-14.2,-51.9,1198.06
1971,Germany,51.2,10.4,1004.64
1971,United Kingdom,55.4,-3.4,1064.47
1971,Italy,41.9,12.5,468.34
1971,France,46.6,2.2,1198.62
1971,Australia,-25.3,133.8,333.49
1972,United States,37.1,-95.7,745.17
1972,China,35.8,104.1,1359.09
1972,India,20.6,78.9,1359.99
1972,Russia,61.5,105.3,292.16
1972,Brazil,-14.2,-51.9,1553.61
1972,Germany,51.2,10.4,1743.5
1972,United Kingdom,55.4,-3.4,1664.35
1972,Italy,41.9,12.5,1382.97
1972,France,46.6,2.2,1246.54
1972,Australia,-25.3,133.8,1112.02
1973,United States,37.1,-95.7,794.39
1973,China,35.8,104.1,1345.76
1973,India,20.6,78.9,107.05
1973,Russia,61.5,105.3,1607.76
1973,Brazil,-14.2,-51.9,1390.9
1973,Germany,51.2,10.4,920.79
1973,United Kingdom,55.4,-3.4,662.81
1973,Italy,41.9,12.5,1382.09
1973,France,46.6,2.2,562.56
1973,Australia,-25.3,133.8,445.31
1974,United States,37.1,-95.7,1522.52
1974,China,35.8,104.1,362.63
1974,India,20.6,78.9,993.64
1974,Russia,61.5,105.3,1435.52
1974,Brazil,-14.2,-51.9,518.28
1974,Germany,51.2,10.4,143.34
1974,United Kingdom,55.4,-3.4,1545.65
1974,Italy,41.9,12.5,562.24
1974,France,46.6,2.2,1564.8
1974,Australia,-25.3,133.8,1501.8
1975,United States,37.1,-95.7,1712.17
1975,China,35.8,104.1,526.58
1975,India,20.6,78.9,1417.17
1975,Russia,61.5,105.3,1080.73
1975,Brazil,-14.2,-51.9,428.04
1975,Germany,51.2,10.4,1202.97
1975,United Kingdom,55.4,-3.4,1339.1
1975,Italy,41.9,12.5,378.41
1975,France,46.6,2.2,356.59
1975,Australia,-25.3,133.8,251.22
1976,United States,37.1,-95.7,644.85
1976,China,35.8,104.1,208.28
1976,India,20.6,78.9,1457.19
1976,Russia,61.5,105.3,135.12
1976,Brazil,-14.2,-51.9,1270.61
1976,Germany,51.2,10.4,1113.04
1976,United Kingdom,55.4,-3.4,1761.94
1976,Italy,41.9,12.5,1326.2
1976,France,46.6,2.2,1390.06
1976,Australia,-25.3,133.8,197.86
1977,United States,37.1,-95.7,364.41
1977,China,35.8,104.1,1732.43
1977,India,20.6,78.9,936.06
1977,Russia,61.5,105.3,110.48
1977,Brazil,-14.2,-51.9,1541.45
1977,Germany,51.2,10.4,1735.89
1977,United Kingdom,55.4,-3.4,1309.45
1977,Italy,41.9,12.5,1507.82
1977,France,46.6,2.2,1343.43
1977,Australia,-25.3,133.8,583.82
1978,United States,37.1,-95.7,847.11
1978,China,35.8,104.1,1370.49
1978,India,20.6,78.9,653.01
1978,Russia,61.5,105.3,727.01
1978,Brazil,-14.2,-51.9,221.27
1978,Germany,51.2,10.4,1374.61
1978,United Kingdom,55.4,-3.4,1512.09
1978,Italy,41.9,12.5,1494.43
1978,France,46.6,2.2,1296.94
1978,Australia,-25.3,133.8,516.73
1979,United States,37.1,-95.7,521.88
1979,China,35.8,104.1,317.4
1979,India,20.6,78.9,158.88
1979,Russia,61.5,105.3,436.79
1979,Brazil,-14.2,-51.9,1520.6
1979,Germany,51.2,10.4,1124.49
1979,United Kingdom,55.4,-3.4,672.99
1979,Italy,41.9,12.5,482.37
1979,France,46.6,2.2,1476.62
1979,Australia,-25.3,133.8,204.52
1980,United States,37.1,-95.7,102.9
1980,China,35.8,104.1,572.28
1980,India,20.6,78.9,302.33
1980,Russia,61.5,105.3,776.5
1980,Brazil,-14.2,-51.9,610.52
1980,Germany,51.2,10.4,589.17
1980,United Kingdom,55.4,-3.4,479.8
1980,Italy,41.9,12.5,482.63
1980,France,46.6,2.2,1334.02
1980,Australia,-25.3,133.8,682.62
1981,United States,37.1,-95.7,1227.36
1981,China,35.8,104.1,304.66
1981,India,20.6,78.9,622.61
1981,Russia,61.5,105.3,536.85
1981,Brazil,-14.2,-51.9,683.44
1981,Germany,51.2,10.4,1180.93
1981,United Kingdom,55.4,-3.4,1323.22
1981,Italy,41.9,12.5,1136.2
1981,France,46.6,2.2,220.72
1981,Australia,-25.3,133.8,1327.64
1982,United States,37.1,-95.7,1686.3
1982,China,35.8,104.1,1127.24
1982,India,20.6,78.9,1648.36
1982,Russia,61.5,105.3,247.98
1982,Brazil,-14.2,-51.9,410.74
1982,Germany,51.2,10.4,1737.63
1982,United Kingdom,55.4,-3.4,661.08
1982,Italy,41.9,12.5,241.14
1982,France,46.6,2.2,1213.43
1982,Australia,-25.3,133.8,360.89
1983,United States,37.1,-95.7,1436.77
1983,China,35.8,104.1,1692.03
1983,India,20.6,78.9,1755.86
1983,Russia,61.5,105.3,1704.52
1983,Brazil,-14.2,-51.9,1455.79
1983,Germany,51.2,10.4,278.07
1983,United Kingdom,55.4,-3.4,482.92
1983,Italy,41.9,12.5,570.22
1983,France,46.6,2.2,819.2
1983,Australia,-25.3,133.8,1805.1
1984,United States,37.1,-95.7,295.11
1984,China,35.8,104.1,901.34
1984,India,20.6,78.9,211.11
1984,Russia,61.5,105.3,362.12
1984,Brazil,-14.2,-51.9,1295.93
1984,Germany,51.2,10.4,317.02
1984,United Kingdom,55.4,-3.4,1665.9
1984,Italy,41.9,12.5,999.29
1984,France,46.6,2.2,729.01
1984,Australia,-25.3,133.8,1386.81
1985,United States,37.1,-95.7,1545.56
1985,China,35.8,104.1,1629.77
1985,India,20.6,78.9,1402.14
1985,Russia,61.5,105.3,1078.14
1985,Brazil,-14.2,-51.9,1232.45
1985,Germany,51.2,10.4,1045.24
1985,United Kingdom,55.4,-3.4,1331.11
1985,Italy,41.9,12.5,1406.86
1985,France,46.6,2.2,1354.93
1985,Australia,-25.3,133.8,362.56
1986,United States,37.1,-95.7,751.92
1986,China,35.8,104.1,397.72
1986,India,20.6,78.9,324.33
1986,Russia,61.5,105.3,1319.41
1986,Brazil,-14.2,-51.9,1171.77
1986,Germany,51.2,10.4,406.63
1986,United Kingdom,55.4,-3.4,1248.5
1986,Italy,41.9,12.5,443.77
1986,France,46.6,2.2,1227.0
1986,Australia,-25.3,133.8,172.66
1987,United States,37.1,-95.7,778.32
1987,China,35.8,104.1,196.3
1987,India,20.6,78.9,1312.77
1987,Russia,61.5,105.3,103.68
1987,Brazil,-14.2,-51.9,102.69
1987,Germany,51.2,10.4,470.47
1987,United Kingdom,55.4,-3.4,985.47
1987,Italy,41.9,12.5,742.85
1987,France,46.6,2.2,384.58
1987,Australia,-25.3,133.8,176.34
1988,United States,37.1,-95.7,1491.0
1988,China,35.8,104.1,1616.14
1988,India,20.6,78.9,798.97
1988,Russia,61.5,105.3,574.13
1988,Brazil,-14.2,-51.9,1126.53
1988,Germany,51.2,10.4,1718.91
1988,United Kingdom,55.4,-3.4,112.39
1988,Italy,41.9,12.5,1094.67
1988,France,46.6,2.2,158.56
1988,Australia,-25.3,133.8,406.55
1989,United States,37.1,-95.7,1712.94
1989,China,35.8,104.1,1436.62
1989,India,20.6,78.9,1824.25
1989,Russia,61.5,105.3,1233.84
1989,Brazil,-14.2,-51.9,360.26
1989,Germany,51.2,10.4,1558.48
1989,United Kingdom,55.4,-3.4,1350.7
1989,Italy,41.9,12.5,298.54
1989,France,46.6,2.2,1540.01
1989,Australia,-25.3,133.8,599.33
1990,United States,37.1,-95.7,1590.02
1990,China,35.8,104.1,1347.92
1990,India,20.6,78.9,1128.2
1990,Russia,61.5,105.3,1134.29
1990,Brazil,-14.2,-51.9,1384.76
1990,Germany,51.2,10.4,1802.52
1990,United Kingdom,55.4,-3.4,802.26
1990,Italy,41.9,12.5,1370.8
1990,France,46.6,2.2,1281.12
1990,Australia,-25.3,133.8,406.46
1991,United States,37.1,-95.7,240.65
1991,China,35.8,104.1,306.49
1991,India,20.6,78.9,986.83
1991,Russia,61.5,105.3,1453.24
1991,Brazil,-14.2,-51.9,724.28
1991,Germany,51.2,10.4,731.82
1991,United Kingdom,55.4,-3.4,1494.96
1991,Italy,41.9,12.5,1853.6
1991,France,46.6,2.2,1718.0
1991,Australia,-25.3,133.8,250.48
1992,United States,37.1,-95.7,1338.31
1992,China,35.8,104.1,1021.44
1992,India,20.6,78.9,1668.09
1992,Russia,61.5,105.3,996.79
1992,Brazil,-14.2,-51.9,1112.24
1992,Germany,51.2,10.4,1505.48
1992,United Kingdom,55.4,-3.4,911.05
1992,Italy,41.9,12.5,499.48
1992,France,46.6,2.2,412.75
1992,Australia,-25.3,133.8,110.25
1993,United States,37.1,-95.7,695.77
1993,China,35.8,104.1,463.97
1993,India,20.6,78.9,286.89
1993,Russia,61.5,105.3,843.91
1993,Brazil,-14.2,-51.9,1135.74
1993,Germany,51.2,10.4,1115.1
1993,United Kingdom,55.4,-3.4,1324.04
1993,Italy,41.9,12.5,370.55
1993,France,46.6,2.2,369.24
1993,Australia,-25.3,133.8,967.73
1994,United States,37.1,-95.7,440.31
1994,China,35.8,104.1,880.46
1994,India,20.6,78.9,843.91
1994,Russia,61.5,105.3,593.19
1994,Brazil,-14.2,-51.9,1555.3
1994,Germany,51.2,10.4,804.08
1994,United Kingdom,55.4,-3.4,826.41
1994,Italy,41.9,12.5,688.34
1994,France,46.6,2.2,1281.71
1994,Australia,-25.3,133.8,1813.28
1995,United States,37.1,-95.7,1313.73
1995,China,35.8,104.1,881.83
1995,India,20.6,78.9,1066.02
1995,Russia,61.5,105.3,1737.28
1995,Brazil,-14.2,-51.9,550.27
1995,Germany,51.2,10.4,1227.77
1995,United Kingdom,55.4,-3.4,195.94
1995,Italy,41.9,12.5,929.44
1995,France,46.6,2.2,665.89
1995,Australia,-25.3,133.8,1172.95
1996,United States,37.1,-95.7,564.95
1996,China,35.8,104.1,325.29
1996,India,20.6,78.9,1358.59
1996,Russia,61.5,105.3,167.72
1996,Brazil,-14.2,-51.9,1137.19
1996,Germany,51.2,10.4,165.11
1996,United Kingdom,55.4,-3.4,584.04
1996,Italy,41.9,12.5,1093.42
1996,France,46.6,2.2,727.95
1996,Australia,-25.3,133.8,1759.5
1997,United States,37.1,-95.7,863.9
1997,China,35.8,104.1,1718.96
1997,India,20.6,78.9,1558.08
1997,Russia,61.5,105.3,136.23
1997,Brazil,-14.2,-51.9,1156.08
1997,Germany,51.2,10.4,1727.83
1997,United Kingdom,55.4,-3.4,1104.51
1997,Italy,41.9,12.5,235.48
1997,France,46.6,2.2,1094.82
1997,Australia,-25.3,133.8,1422.88
1998,United States,37.1,-95.7,778.18
1998,China,35.8,104.1,771.44
1998,India,20.6,78.9,1198.7
1998,Russia,61.5,105.3,1246.76
1998,Brazil,-14.2,-51.9,1418.02
1998,Germany,51.2,10.4,1870.58
1998,United Kingdom,55.4,-3.4,1193.06
1998,Italy,41.9,12.5,847.87
1998,France,46.6,2.2,1635.23
1998,Australia,-25.3,133.8,1338.31
1999,United States,37.1,-95.7,237.4
1999,China,35.8,104.1,1183.36
1999,India,20.6,78.9,1392.72
1999,Russia,61.5,105.3,170.93
1999,Brazil,-14.2,-51.9,417.08
1999,Germany,51.2,10.4,1062.48
1999,United Kingdom,55.4,-3.4,1521.02
1999,Italy,41.9,12.5,1407.47
1999,France,46.6,2.2,297.93
1999,Australia,-25.3,133.8,1760.69
2000,United States,37.1,-95.7,413.17
2000,China,35.8,104.1,1711.52
2000,India,20.6,78.9,1114.69
2000,Russia,61.5,105.3,1204.35
2000,Brazil,-14.2,-51.9,1729.6
2000,Germany,51.2,10.4,977.37
2000,United Kingdom,55.4,-3.4,1277.05
2000,Italy,41.9,12.5,1447.93
2000,France,46.6,2.2,1132.75
2000,Australia,-25.3,133.8,1199.12
2001,United States,37.1,-95.7,1722.43
2001,China,35.8,104.1,684.32
2001,India,20.6,78.9,1416.43
2001,Russia,61.5,105.3,752.81
2001,Brazil,-14.2,-51.9,154.7
2001,Germany,51.2,10.4,1871.21
2001,United Kingdom,55.4,-3.4,1824.89
2001,Italy,41.9,12.5,225.68
2001,France,46.6,2.2,1574.06
2001,Australia,-25.3,133.8,330.26
2002,United States,37.1,-95.7,1317.94
2002,China,35.8,104.1,169.08
2002,India,20.6,78.9,608.61
2002,Russia,61.5,105.3,1201.91
2002,Brazil,-14.2,-51.9,355.25
2002,Germany,51.2,10.4,658.14
2002,United Kingdom,55.4,-3.4,333.26
2002,Italy,41.9,12.5,1652.29
2002,France,46.6,2.2,1052.99
2002,Australia,-25.3,133.8,397.89
2003,United States,37.1,-95.7,1039.19
2003,China,35.8,104.1,1243.56
2003,India,20.6,78.9,630.34
2003,Russia,61.5,105.3,1902.88
2003,Brazil,-14.2,-51.9,238.22
2003,Germany,51.2,10.4,717.99
2003,United Kingdom,55.4,-3.4,1777.36
2003,Italy,41.9,12.5,458.27
2003,France,46.6,2.2,1488.04
2003,Australia,-25.3,133.8,815.67
2004,United States,37.1,-95.7,1607.24
2004,China,35.8,104.1,975.08
2004,India,20.6,78.9,811.01
2004,Russia,61.5,105.3,100.22
2004,Brazil,-14.2,-51.9,524.7
2004,Germany,51.2,10.4,1781.01
2004,United Kingdom,55.4,-3.4,1717.25
2004,Italy,41.9,12.5,351.4
2004,France,46.6,2.2,1320.18
2004,Australia,-25.3,133.8,1414.06
2005,United States,37.1,-95.7,1023.51
2005,China,35.8,104.1,251.59
2005,India,20.6,78.9,848.47
2005,Russia,61.5,105.3,495.69
2005,Brazil,-14.2,-51.9,1008.38
2005,Germany,51.2,10.4,1458.07
2005,United Kingdom,55.4,-3.4,981.34
2005,Italy,41.9,12.5,411.47
2005,France,46.6,2.2,475.42
2005,Australia,-25.3,133.8,1058.22
2006,United States,37.1,-95.7,413.04
2006,China,35.8,104.1,1230.55
2006,India,20.6,78.9,1196.61
2006,Russia,61.5,105.3,596.53
2006,Brazil,-14.2,-51.9,593.05
2006,Germany,51.2,10.4,295.72
2006,United Kingdom,55.4,-3.4,1834.79
2006,Italy,41.9,12.5,1127.9
2006,France,46.6,2.2,1248.31
2006,Australia,-25.3,133.8,1121.18
2007,United States,37.1,-95.7,767.53
2007,China,35.8,104.1,1037.84
2007,India,20.6,78.9,394.61
2007,Russia,61.5,105.3,1159.64
2007,Brazil,-14.2,-51.9,1843.46
2007,Germany,51.2,10.4,1752.67
2007,United Kingdom,55.4,-3.4,1683.3
2007,Italy,41.9,12.5,591.45
2007,France,46.6,2.2,1849.59
2007,Australia,-25.3,133.8,1809.38
2008,United States,37.1,-95.7,1008.15
2008,China,35.8,104.1,1018.3
2008,India,20.6,78.9,1834.78
2008,Russia,61.5,105.3,415.07
2008,Brazil,-14.2,-51.9,1927.67
2008,Germany,51.2,10.4,775.26
2008,United Kingdom,55.4,-3.4,578.73
2008,Italy,41.9,12.5,1141.67
2008,France,46.6,2.2,1751.84
2008,Australia,-25.3,133.8,1054.71
2009,United States,37.1,-95.7,1375.53
2009,China,35.8,104.1,1426.49
2009,India,20.6,78.9,394.66
2009,Russia,61.5,105.3,271.63
2009,Brazil,-14.2,-51.9,1408.98
2009,Germany,51.2,10.4,545.41
2009,United Kingdom,55.4,-3.4,704.05
2009,Italy,41.9,12.5,1263.18
2009,France,46.6,2.2,761.04
2009,Australia,-25.3,133.8,1349.05
2010,United States,37.1,-95.7,1724.06
2010,China,35.8,104.1,1027.81
2010,India,20.6,78.9,879.83
2010,Russia,61.5,105.3,1060.25
2010,Brazil,-14.2,-51.9,1460.01
2010,Germany,51.2,10.4,389.54
2010,United Kingdom,55.4,-3.4,498.77
2010,Italy,41.9,12.5,1813.72
2010,France,46.6,2.2,232.55
2010,Australia,-25.3,133.8,1283.5
2011,United States,37.1,-95.7,1686.46
2011,China,35.8,104.1,944.93
2011,India,20.6,78.9,934.98
2011,Russia,61.5,105.3,864.92
2011,Brazil,-14.2,-51.9,506.1
2011,Germany,51.2,10.4,1358.99
2011,United Kingdom,55.4,-3.4,399.75
2011,Italy,41.9,12.5,1507.61
2011,France,46.6,2.2,992.4
2011,Australia,-25.3,133.8,523.7
2012,United States,37.1,-95.7,459.72
2012,China,35.8,104.1,1294.71
2012,India,20.6,78.9,1517.68
2012,Russia,61.5,105.3,776.97
2012,Brazil,-14.2,-51.9,809.11
2012,Germany,51.2,10.4,1695.37
2012,United Kingdom,55.4,-3.4,285.82
2012,Italy,41.9,12.5,536.83
2012,France,46.6,2.2,499.24
2012,Australia,-25.3,133.8,716.81
2013,United States,37.1,-95.7,579.12
2013,China,35.8,104.1,1840.41
2013,India,20.6,78.9,939.08
2013,Russia,61.5,105.3,1513.28
2013,Brazil,-14.2,-51.9,866.49
2013,Germany,51.2,10.4,1931.99
2013,United Kingdom,55.4,-3.4,1247.54
2013,Italy,41.9,12.5,618.71
2013,France,46.6,2.2,530.76
2013,Australia,-25.3,133.8,1274.37
2014,United States,37.1,-95.7,234.77
2014,China,35.8,104.1,365.89
2014,India,20.6,78.9,1568.13
2014,Russia,61.5,105.3,1197.86
2014,Brazil,-14.2,-51.9,464.29
2014,Germany,51.2,10.4,166.31
2014,United Kingdom,55.4,-3.4,406.82
2014,Italy,41.9,12.5,1060.62
2014,France,46.6,2.2,308.2
2014,Australia,-25.3,133.8,1093.89
2015,United States,37.1,-95.7,1503.99
2015,China,35.8,104.1,1945.84
2015,India,20.6,78.9,1298.02
2015,Russia,61.5,105.3,1212.51
2015,Brazil,-14.2,-51.9,198.37
2015,Germany,51.2,10.4,507.34
2015,United Kingdom,55.4,-3.4,1747.71
2015,Italy,41.9,12.5,1209.59
2015,France,46.6,2.2,359.27
2015,Australia,-25.3,133.8,215.05
2016,United States,37.1,-95.7,1103.89
2016,China,35.8,104.1,1099.4
2016,India,20.6,78.9,228.86
2016,Russia,61.5,105.3,1086.65
2016,Brazil,-14.2,-51.9,1615.99
2016,Germany,51.2,10.4,1092.16
2016,United Kingdom,55.4,-3.4,1286.64
2016,Italy,41.9,12.5,887.81
2016,France,46.6,2.2,1567.4
2016,Australia,-25.3,133.8,1163.67
2017,United States,37.1,-95.7,910.72
2017,China,35.8,104.1,251.4
2017,India,20.6,78.9,988.06
2017,Russia,61.5,105.3,619.82
2017,Brazil,-14.2,-51.9,1574.04
2017,Germany,51.2,10.4,1905.18
2017,United Kingdom,55.4,-3.4,1580.44
2017,Italy,41.9,12.5,1737.45
2017,France,46.6,2.2,865.51
2017,Australia,-25.3,133.8,305.09
2018,United States,37.1,-95.7,783.86
2018,China,35.8,104.1,1299.72
2018,India,20.6,78.9,1149.01
2018,Russia,61.5,105.3,1224.32
2018,Brazil,-14.2,-51.9,1055.81
2018,Germany,51.2,10.4,221.9
2018,United Kingdom,55.4,-3.4,260.16
2018,Italy,41.9,12.5,1494.13
2018,France,46.6,2.2,733.39
2018,Australia,-25.3,133.8,1627.73
2019,United States,37.1,-95.7,897.76
2019,China,35.8,104.1,243.49
2019,India,20.6,78.9,1302.56
2019,Russia,61.5,105.3,1487.89
2019,Brazil,-14.2,-51.9,470.09
2019,Germany,51.2,10.4,1484.19
2019,United Kingdom,55.4,-3.4,1390.36
2019,Italy,41.9,12.5,1955.24
2019,France,46.6,2.2,757.87
2019,Australia,-25.3,133.8,1160.27
2020,United States,37.1,-95.7,663.36
2020,China,35.8,104.1,615.16
2020,India,20.6,78.9,992.66
2020,Russia,61.5,105.3,1259.49
2020,Brazil,-14.2,-51.9,1496.12
2020,Germany,51.2,10.4,535.16
2020,United Kingdom,55.4,-3.4,374.74
2020,Italy,41.9,12.5,367.35
2020,France,46.6,2.2,1623.49
2020,Australia,-25.3,133.8,1137.87
2021,United States,37.1,-95.7,116.77
2021,China,35.8,104.1,362.97
2021,India,20.6,78.9,1210.38
2021,Russia,61.5,105.3,295.06
2021,Brazil,-14.2,-51.9,1185.86
2021,Germany,51.2,10.4,1983.61
2021,United Kingdom,55.4,-3.4,161.18
2021,Italy,41.9,12.5,1496.11
2021,France,46.6,2.2,1371.48
2021,Australia,-25.3,133.8,762.75
2022,United States,37.1,-95.7,108.15
2022,China,35.8,104.1,794.51
2022,India,20.6,78.9,1756.68
2022,Russia,61.5,105.3,141.82
2022,Brazil,-14.2,-51.9,843.91
2022,Germany,51.2,10.4,827.23
2022,United Kingdom,55.4,-3.4,643.2
2022,Italy,41.9,12.5,527.07
2022,France,46.6,2.2,238.36
2022,Australia,-25.3,133.8,364.42
2023,United States,37.1,-95.7,1478.54
2023,China,35.8,104.1,548.79
2023,India,20.6,78.9,1942.76
2023,Russia,61.5,105.3,1624.96
2023,Brazil,-14.2,-51.9,1832.46
2023,Germany,51.2,10.4,901.66
2023,United Kingdom,55.4,-3.4,335.57
2023,Italy,41.9,12.5,1925.68
2023,France,46.6,2.2,1524.5
2023,Australia,-25.3,133.8,1163.39
